-- MySQL dump 10.13  Distrib 9.0.1, for macos14.4 (arm64)
--
-- Host: localhost    Database: flightmanagement
-- ------------------------------------------------------
-- Server version	9.0.1

/*!40101 SET @OLD_CHARACTER_SET_CLIENT=@@CHARACTER_SET_CLIENT */;
/*!40101 SET @OLD_CHARACTER_SET_RESULTS=@@CHARACTER_SET_RESULTS */;
/*!40101 SET @OLD_COLLATION_CONNECTION=@@COLLATION_CONNECTION */;
/*!50503 SET NAMES utf8mb4 */;
/*!40103 SET @OLD_TIME_ZONE=@@TIME_ZONE */;
/*!40103 SET TIME_ZONE='+00:00' */;
/*!40014 SET @OLD_UNIQUE_CHECKS=@@UNIQUE_CHECKS, UNIQUE_CHECKS=0 */;
/*!40014 SET @OLD_FOREIGN_KEY_CHECKS=@@FOREIGN_KEY_CHECKS, FOREIGN_KEY_CHECKS=0 */;
/*!40101 SET @OLD_SQL_MODE=@@SQL_MODE, SQL_MODE='NO_AUTO_VALUE_ON_ZERO' */;
/*!40111 SET @OLD_SQL_NOTES=@@SQL_NOTES, SQL_NOTES=0 */;

--
-- Table structure for table `chitiethoadon`
--

DROP TABLE IF EXISTS `chitiethoadon`;
/*!40101 SET @saved_cs_client     = @@character_set_client */;
/*!50503 SET character_set_client = utf8mb4 */;
CREATE TABLE `chitiethoadon` (
  `id_chi_tiet_hoa_don` int NOT NULL AUTO_INCREMENT,
  `so_tien` double NOT NULL,
  `id_hang_hoa` int DEFAULT NULL,
  `id_hoa_don` int NOT NULL,
  `id_ve` int NOT NULL,
  PRIMARY KEY (`id_chi_tiet_hoa_don`),
  KEY `FKjmqmawh6fmr8lvsgl57v6wtbr` (`id_hang_hoa`),
  KEY `FKb1oe7y6gjlg40itmu2b9gdc5g` (`id_hoa_don`),
  KEY `FKatcba4q76xfwhthoktyfh2w0v` (`id_ve`),
  CONSTRAINT `FKatcba4q76xfwhthoktyfh2w0v` FOREIGN KEY (`id_ve`) REFERENCES `ve` (`id_ve`),
  CONSTRAINT `FKb1oe7y6gjlg40itmu2b9gdc5g` FOREIGN KEY (`id_hoa_don`) REFERENCES `hoadon` (`id_hoa_don`),
  CONSTRAINT `FKjmqmawh6fmr8lvsgl57v6wtbr` FOREIGN KEY (`id_hang_hoa`) REFERENCES `hanghoa` (`id_hang_hoa`)
) ENGINE=InnoDB AUTO_INCREMENT=314 DEFAULT CHARSET=utf8mb4 COLLATE=utf8mb4_general_ci;
/*!40101 SET character_set_client = @saved_cs_client */;

--
-- Dumping data for table `chitiethoadon`
--

LOCK TABLES `chitiethoadon` WRITE;
/*!40000 ALTER TABLE `chitiethoadon` DISABLE KEYS */;
INSERT INTO `chitiethoadon` VALUES (309,500000,122,344,135),(310,500000,123,345,137),(311,500000,124,345,131),(312,1500000,125,346,79),(313,500000,126,347,88);
/*!40000 ALTER TABLE `chitiethoadon` ENABLE KEYS */;
UNLOCK TABLES;

--
-- Table structure for table `chitietquacanh`
--

DROP TABLE IF EXISTS `chitietquacanh`;
/*!40101 SET @saved_cs_client     = @@character_set_client */;
/*!50503 SET character_set_client = utf8mb4 */;
CREATE TABLE `chitietquacanh` (
  `id_chi_tiet_qua_canh` int NOT NULL AUTO_INCREMENT,
  `stt_chuyen` int DEFAULT NULL,
  `chuyen_bay_id_chuyen_bay` int DEFAULT NULL,
  `id_qua_canh` int NOT NULL,
  PRIMARY KEY (`id_chi_tiet_qua_canh`),
  UNIQUE KEY `UKiccibkms494ypr5s53de75p1s` (`chuyen_bay_id_chuyen_bay`),
  KEY `FKh4icl05byl0wtwrqblthru6db` (`id_qua_canh`),
  CONSTRAINT `FKh4icl05byl0wtwrqblthru6db` FOREIGN KEY (`id_qua_canh`) REFERENCES `quacanh` (`id_qua_canh`),
  CONSTRAINT `FKpp0hiqprq0uuqwuy7n732u1cu` FOREIGN KEY (`chuyen_bay_id_chuyen_bay`) REFERENCES `chuyenbay` (`id_chuyen_bay`)
) ENGINE=InnoDB DEFAULT CHARSET=utf8mb4 COLLATE=utf8mb4_general_ci;
/*!40101 SET character_set_client = @saved_cs_client */;

--
-- Dumping data for table `chitietquacanh`
--

LOCK TABLES `chitietquacanh` WRITE;
/*!40000 ALTER TABLE `chitietquacanh` DISABLE KEYS */;
/*!40000 ALTER TABLE `chitietquacanh` ENABLE KEYS */;
UNLOCK TABLES;

--
-- Table structure for table `chitietquyen`
--

DROP TABLE IF EXISTS `chitietquyen`;
/*!40101 SET @saved_cs_client     = @@character_set_client */;
/*!50503 SET character_set_client = utf8mb4 */;
CREATE TABLE `chitietquyen` (
  `id_chi_tiet_quyen` int NOT NULL AUTO_INCREMENT,
  `hanh_dong` enum('CREATE','DELETE','EDIT','VIEW') CHARACTER SET utf8mb4 COLLATE utf8mb4_general_ci DEFAULT NULL,
  `id_chuc_nang` int NOT NULL,
  `id_quyen` int NOT NULL,
  PRIMARY KEY (`id_chi_tiet_quyen`),
  KEY `FK5fgwx73a1uwcgbhg7t46u7myv` (`id_chuc_nang`),
  KEY `FK49224jtbjeefnr0fqh3jx30j0` (`id_quyen`),
  CONSTRAINT `FK49224jtbjeefnr0fqh3jx30j0` FOREIGN KEY (`id_quyen`) REFERENCES `quyen` (`id_quyen`),
  CONSTRAINT `FK5fgwx73a1uwcgbhg7t46u7myv` FOREIGN KEY (`id_chuc_nang`) REFERENCES `chucnang` (`id_chuc_nang`)
) ENGINE=InnoDB AUTO_INCREMENT=1387 DEFAULT CHARSET=utf8mb4 COLLATE=utf8mb4_general_ci;
/*!40101 SET character_set_client = @saved_cs_client */;

--
-- Dumping data for table `chitietquyen`
--

LOCK TABLES `chitietquyen` WRITE;
/*!40000 ALTER TABLE `chitietquyen` DISABLE KEYS */;
INSERT INTO `chitietquyen` VALUES (17,'CREATE',2,18),(32,'CREATE',2,19),(35,'CREATE',2,20),(43,'CREATE',2,22),(63,'CREATE',1,25),(64,'EDIT',1,25),(65,'VIEW',1,25),(67,'EDIT',2,25),(68,'VIEW',2,25),(80,'VIEW',2,24),(81,'CREATE',2,24),(82,'EDIT',2,24),(84,'VIEW',3,24),(85,'CREATE',3,24),(86,'EDIT',3,24),(93,'VIEW',1,23),(94,'VIEW',2,23),(95,'CREATE',2,23),(96,'EDIT',2,23),(298,'VIEW',1,17),(299,'CREATE',1,17),(300,'VIEW',2,17),(301,'CREATE',2,17),(302,'VIEW',3,17),(303,'CREATE',3,17),(304,'VIEW',4,17),(305,'CREATE',4,17),(306,'VIEW',5,17),(307,'CREATE',5,17),(308,'VIEW',6,17),(309,'CREATE',6,17),(310,'VIEW',7,17),(311,'CREATE',7,17),(312,'VIEW',8,17),(313,'CREATE',8,17),(314,'VIEW',9,17),(315,'CREATE',9,17),(316,'VIEW',10,17),(317,'CREATE',10,17),(318,'VIEW',11,17),(319,'CREATE',11,17),(320,'VIEW',12,17),(321,'CREATE',12,17),(322,'VIEW',13,17),(323,'CREATE',13,17),(324,'VIEW',14,17),(325,'CREATE',14,17),(326,'VIEW',15,17),(327,'CREATE',15,17),(358,'VIEW',1,16),(359,'EDIT',1,16),(360,'VIEW',2,16),(361,'EDIT',2,16),(362,'VIEW',3,16),(363,'EDIT',3,16),(364,'VIEW',4,16),(365,'EDIT',4,16),(366,'VIEW',5,16),(367,'EDIT',5,16),(368,'VIEW',6,16),(369,'EDIT',6,16),(370,'VIEW',7,16),(371,'EDIT',7,16),(372,'VIEW',8,16),(373,'EDIT',8,16),(374,'VIEW',9,16),(375,'EDIT',9,16),(376,'VIEW',10,16),(377,'EDIT',10,16),(378,'VIEW',11,16),(379,'CREATE',11,16),(380,'EDIT',11,16),(381,'VIEW',12,16),(382,'EDIT',12,16),(383,'VIEW',13,16),(384,'EDIT',13,16),(385,'VIEW',14,16),(386,'EDIT',14,16),(387,'VIEW',15,16),(388,'EDIT',15,16),(1346,'VIEW',1,1),(1347,'CREATE',1,1),(1348,'EDIT',1,1),(1349,'VIEW',2,1),(1350,'CREATE',2,1),(1351,'EDIT',2,1),(1352,'VIEW',3,1),(1353,'CREATE',3,1),(1354,'EDIT',3,1),(1355,'VIEW',4,1),(1356,'CREATE',4,1),(1357,'EDIT',4,1),(1358,'VIEW',5,1),(1359,'CREATE',5,1),(1360,'EDIT',5,1),(1361,'CREATE',6,1),(1362,'EDIT',6,1),(1363,'CREATE',7,1),(1364,'EDIT',7,1),(1365,'CREATE',8,1),(1366,'EDIT',8,1),(1367,'CREATE',9,1),(1368,'EDIT',9,1),(1369,'VIEW',10,1),(1370,'CREATE',10,1),(1371,'EDIT',10,1),(1372,'VIEW',11,1),(1373,'EDIT',11,1),(1374,'VIEW',12,1),(1375,'CREATE',12,1),(1376,'EDIT',12,1),(1377,'VIEW',13,1),(1378,'CREATE',13,1),(1379,'EDIT',13,1),(1380,'VIEW',14,1),(1381,'CREATE',14,1),(1382,'EDIT',14,1),(1383,'VIEW',15,1),(1384,'CREATE',15,1),(1385,'EDIT',15,1),(1386,'VIEW',16,1);
/*!40000 ALTER TABLE `chitietquyen` ENABLE KEYS */;
UNLOCK TABLES;

--
-- Table structure for table `chongoi`
--

DROP TABLE IF EXISTS `chongoi`;
/*!40101 SET @saved_cs_client     = @@character_set_client */;
/*!50503 SET character_set_client = utf8mb4 */;
CREATE TABLE `chongoi` (
  `id_cho_ngoi` int NOT NULL AUTO_INCREMENT,
  `column_index` char(1) CHARACTER SET utf8mb4 COLLATE utf8mb4_general_ci NOT NULL,
  `row_index` int NOT NULL,
  `active_status` enum('ACTIVE','IN_ACTIVE') CHARACTER SET utf8mb4 COLLATE utf8mb4_general_ci DEFAULT NULL,
  `id_hang_ve` int NOT NULL,
  `id_may_bay` int NOT NULL,
  PRIMARY KEY (`id_cho_ngoi`),
  KEY `FKmhlrpscfkiwrxmotj6ie7xmm4` (`id_hang_ve`),
  KEY `FKl427t1e8hj16xb7e8stoudi8n` (`id_may_bay`),
  CONSTRAINT `FKl427t1e8hj16xb7e8stoudi8n` FOREIGN KEY (`id_may_bay`) REFERENCES `maybay` (`id_may_bay`),
  CONSTRAINT `FKmhlrpscfkiwrxmotj6ie7xmm4` FOREIGN KEY (`id_hang_ve`) REFERENCES `hangve` (`id_hang_ve`)
) ENGINE=InnoDB AUTO_INCREMENT=2821 DEFAULT CHARSET=utf8mb4 COLLATE=utf8mb4_general_ci;
/*!40101 SET character_set_client = @saved_cs_client */;

--
-- Dumping data for table `chongoi`
--

LOCK TABLES `chongoi` WRITE;
/*!40000 ALTER TABLE `chongoi` DISABLE KEYS */;
INSERT INTO `chongoi` VALUES (1,'A',1,'ACTIVE',2,11),(2,'B',1,'ACTIVE',2,11),(3,'C',1,'ACTIVE',2,11),(4,'D',1,'ACTIVE',2,11),(5,'F',1,'ACTIVE',2,11),(6,'G',1,'ACTIVE',2,11),(7,'A',2,'ACTIVE',2,11),(8,'B',2,'ACTIVE',2,11),(9,'C',2,'ACTIVE',2,11),(10,'D',2,'ACTIVE',2,11),(11,'F',2,'ACTIVE',2,11),(12,'G',2,'ACTIVE',2,11),(13,'A',3,'ACTIVE',2,11),(14,'B',3,'ACTIVE',2,11),(15,'C',3,'ACTIVE',2,11),(16,'D',3,'ACTIVE',2,11),(17,'F',3,'ACTIVE',2,11),(18,'G',3,'ACTIVE',2,11),(19,'A',4,'ACTIVE',2,11),(20,'B',4,'ACTIVE',2,11),(21,'C',4,'ACTIVE',2,11),(22,'D',4,'ACTIVE',2,11),(23,'F',4,'ACTIVE',2,11),(24,'G',4,'ACTIVE',2,11),(25,'A',5,'ACTIVE',2,11),(26,'B',5,'ACTIVE',2,11),(27,'C',5,'ACTIVE',2,11),(28,'D',5,'ACTIVE',2,11),(29,'F',5,'ACTIVE',2,11),(30,'G',5,'ACTIVE',2,11),(31,'A',6,'ACTIVE',2,11),(32,'B',6,'ACTIVE',2,11),(33,'C',6,'ACTIVE',2,11),(34,'D',6,'ACTIVE',2,11),(35,'F',6,'ACTIVE',2,11),(36,'G',6,'ACTIVE',2,11),(37,'A',7,'ACTIVE',2,11),(38,'B',7,'ACTIVE',2,11),(39,'C',7,'ACTIVE',2,11),(40,'D',7,'ACTIVE',2,11),(41,'F',7,'ACTIVE',2,11),(42,'G',7,'ACTIVE',2,11),(43,'A',8,'ACTIVE',2,11),(44,'B',8,'ACTIVE',2,11),(45,'C',8,'ACTIVE',2,11),(46,'D',8,'ACTIVE',2,11),(47,'F',8,'ACTIVE',2,11),(48,'G',8,'ACTIVE',2,11),(49,'A',9,'ACTIVE',2,11),(50,'B',9,'ACTIVE',2,11),(51,'C',9,'ACTIVE',2,11),(52,'D',9,'ACTIVE',2,11),(53,'F',9,'ACTIVE',2,11),(54,'G',9,'ACTIVE',2,11),(55,'A',10,'ACTIVE',2,11),(56,'B',10,'ACTIVE',2,11),(57,'C',10,'ACTIVE',2,11),(58,'D',10,'ACTIVE',2,11),(59,'F',10,'ACTIVE',2,11),(60,'G',10,'ACTIVE',2,11),(61,'A',11,'ACTIVE',2,11),(62,'B',11,'ACTIVE',2,11),(63,'C',11,'ACTIVE',2,11),(64,'D',11,'ACTIVE',2,11),(65,'F',11,'ACTIVE',2,11),(66,'G',11,'ACTIVE',2,11),(67,'A',12,'ACTIVE',2,11),(68,'B',12,'ACTIVE',2,11),(69,'C',12,'ACTIVE',2,11),(70,'D',12,'ACTIVE',2,11),(71,'F',12,'ACTIVE',2,11),(72,'G',12,'ACTIVE',2,11),(73,'A',13,'ACTIVE',2,11),(74,'B',13,'ACTIVE',2,11),(75,'C',13,'ACTIVE',2,11),(76,'D',13,'ACTIVE',2,11),(77,'F',13,'ACTIVE',2,11),(78,'G',13,'ACTIVE',2,11),(79,'A',14,'ACTIVE',2,11),(80,'B',14,'ACTIVE',2,11),(81,'C',14,'ACTIVE',2,11),(82,'D',14,'ACTIVE',2,11),(83,'F',14,'ACTIVE',2,11),(84,'G',14,'ACTIVE',2,11),(85,'A',15,'ACTIVE',2,11),(86,'B',15,'ACTIVE',2,11),(87,'C',15,'ACTIVE',2,11),(88,'D',15,'ACTIVE',2,11),(89,'F',15,'ACTIVE',2,11),(90,'G',15,'ACTIVE',2,11),(91,'A',16,'ACTIVE',2,11),(92,'B',16,'ACTIVE',2,11),(93,'C',16,'ACTIVE',2,11),(94,'D',16,'ACTIVE',2,11),(95,'F',16,'ACTIVE',2,11),(96,'G',16,'ACTIVE',2,11),(97,'A',17,'ACTIVE',2,11),(98,'B',17,'ACTIVE',2,11),(99,'C',17,'ACTIVE',2,11),(100,'D',17,'ACTIVE',2,11),(101,'F',17,'ACTIVE',2,11),(102,'G',17,'ACTIVE',2,11),(103,'A',18,'ACTIVE',2,11),(104,'B',18,'ACTIVE',2,11),(105,'C',18,'ACTIVE',2,11),(106,'D',18,'ACTIVE',2,11),(107,'F',18,'ACTIVE',2,11),(108,'G',18,'ACTIVE',2,11),(109,'A',19,'ACTIVE',2,11),(110,'B',19,'ACTIVE',2,11),(111,'C',19,'ACTIVE',2,11),(112,'D',19,'ACTIVE',2,11),(113,'F',19,'ACTIVE',2,11),(114,'G',19,'ACTIVE',2,11),(115,'A',20,'ACTIVE',2,11),(116,'B',20,'ACTIVE',2,11),(117,'C',20,'ACTIVE',2,11),(118,'D',20,'ACTIVE',2,11),(119,'F',20,'ACTIVE',2,11),(120,'G',20,'ACTIVE',2,11),(121,'A',21,'ACTIVE',2,11),(122,'B',21,'ACTIVE',2,11),(123,'C',21,'ACTIVE',2,11),(124,'D',21,'ACTIVE',2,11),(125,'F',21,'ACTIVE',2,11),(126,'G',21,'ACTIVE',2,11),(127,'A',22,'ACTIVE',2,11),(128,'B',22,'ACTIVE',2,11),(129,'C',22,'ACTIVE',2,11),(130,'D',22,'ACTIVE',2,11),(131,'F',22,'ACTIVE',2,11),(132,'G',22,'ACTIVE',2,11),(133,'A',23,'ACTIVE',2,11),(134,'B',23,'ACTIVE',2,11),(135,'C',23,'ACTIVE',2,11),(136,'D',23,'ACTIVE',2,11),(137,'F',23,'ACTIVE',2,11),(138,'G',23,'ACTIVE',2,11),(139,'A',24,'ACTIVE',2,11),(140,'B',24,'ACTIVE',2,11),(141,'C',24,'ACTIVE',2,11),(142,'D',24,'ACTIVE',2,11),(143,'F',24,'ACTIVE',2,11),(144,'G',24,'ACTIVE',2,11),(145,'A',25,'ACTIVE',2,11),(146,'B',25,'ACTIVE',2,11),(147,'C',25,'ACTIVE',2,11),(148,'D',25,'ACTIVE',2,11),(149,'F',25,'ACTIVE',2,11),(150,'G',25,'ACTIVE',2,11),(151,'A',26,'ACTIVE',2,11),(152,'B',26,'ACTIVE',2,11),(153,'C',26,'ACTIVE',2,11),(154,'D',26,'ACTIVE',2,11),(155,'F',26,'ACTIVE',2,11),(156,'G',26,'ACTIVE',2,11),(157,'A',27,'ACTIVE',2,11),(158,'B',27,'ACTIVE',2,11),(159,'C',27,'ACTIVE',2,11),(160,'D',27,'ACTIVE',2,11),(161,'F',27,'ACTIVE',2,11),(162,'G',27,'ACTIVE',2,11),(163,'A',28,'ACTIVE',2,11),(164,'B',28,'ACTIVE',2,11),(165,'C',28,'ACTIVE',2,11),(166,'D',28,'ACTIVE',2,11),(167,'F',28,'ACTIVE',2,11),(168,'G',28,'ACTIVE',2,11),(169,'A',29,'ACTIVE',2,11),(170,'B',29,'ACTIVE',2,11),(171,'C',29,'ACTIVE',2,11),(172,'D',29,'ACTIVE',2,11),(173,'F',29,'ACTIVE',2,11),(174,'G',29,'ACTIVE',2,11),(175,'A',30,'ACTIVE',2,11),(176,'B',30,'ACTIVE',2,11),(177,'C',30,'ACTIVE',2,11),(178,'D',30,'ACTIVE',2,11),(179,'F',30,'ACTIVE',2,11),(180,'G',30,'ACTIVE',2,11),(181,'A',31,'ACTIVE',2,11),(182,'B',31,'ACTIVE',2,11),(183,'C',31,'ACTIVE',2,11),(184,'D',31,'ACTIVE',2,11),(185,'F',31,'ACTIVE',2,11),(186,'G',31,'ACTIVE',2,11),(187,'A',32,'ACTIVE',2,11),(188,'B',32,'ACTIVE',2,11),(189,'C',32,'ACTIVE',2,11),(190,'D',32,'ACTIVE',2,11),(191,'F',32,'ACTIVE',2,11),(192,'G',32,'ACTIVE',2,11),(193,'A',33,'ACTIVE',2,11),(194,'B',33,'ACTIVE',2,11),(195,'C',33,'ACTIVE',2,11),(196,'D',33,'ACTIVE',2,11),(197,'F',33,'ACTIVE',2,11),(198,'G',33,'ACTIVE',2,11),(199,'A',34,'ACTIVE',2,11),(200,'B',34,'ACTIVE',2,11),(201,'C',34,'ACTIVE',2,11),(202,'D',34,'ACTIVE',2,11),(203,'F',34,'ACTIVE',2,11),(204,'G',34,'ACTIVE',2,11),(205,'A',35,'ACTIVE',2,11),(206,'B',35,'ACTIVE',2,11),(207,'C',35,'ACTIVE',2,11),(208,'D',35,'ACTIVE',2,11),(209,'F',35,'ACTIVE',2,11),(210,'G',35,'ACTIVE',2,11),(211,'A',36,'ACTIVE',2,11),(212,'B',36,'ACTIVE',2,11),(213,'C',36,'ACTIVE',2,11),(214,'D',36,'ACTIVE',2,11),(215,'F',36,'ACTIVE',2,11),(216,'G',36,'ACTIVE',2,11),(217,'A',37,'ACTIVE',2,11),(218,'B',37,'ACTIVE',2,11),(219,'C',37,'ACTIVE',2,11),(220,'D',37,'ACTIVE',2,11),(221,'F',37,'ACTIVE',2,11),(222,'G',37,'ACTIVE',2,11),(223,'A',38,'ACTIVE',2,11),(224,'B',38,'ACTIVE',2,11),(225,'C',38,'ACTIVE',2,11),(226,'D',38,'ACTIVE',2,11),(227,'F',38,'ACTIVE',2,11),(228,'G',38,'ACTIVE',2,11),(229,'A',39,'ACTIVE',2,11),(230,'B',39,'ACTIVE',2,11),(231,'C',39,'ACTIVE',2,11),(232,'D',39,'ACTIVE',2,11),(233,'F',39,'ACTIVE',2,11),(234,'G',39,'ACTIVE',2,11),(235,'A',40,'ACTIVE',2,11),(236,'B',40,'ACTIVE',2,11),(237,'C',40,'ACTIVE',2,11),(238,'D',40,'ACTIVE',2,11),(239,'F',40,'ACTIVE',2,11),(240,'G',40,'ACTIVE',2,11),(241,'A',41,'ACTIVE',2,11),(242,'B',41,'ACTIVE',2,11),(243,'C',41,'ACTIVE',2,11),(244,'D',41,'ACTIVE',2,11),(245,'F',41,'ACTIVE',2,11),(246,'G',41,'ACTIVE',2,11),(247,'A',42,'ACTIVE',2,11),(248,'B',42,'ACTIVE',2,11),(249,'C',42,'ACTIVE',2,11),(250,'D',42,'ACTIVE',2,11),(251,'F',42,'ACTIVE',2,11),(252,'G',42,'ACTIVE',2,11),(253,'A',43,'ACTIVE',2,11),(254,'B',43,'ACTIVE',2,11),(255,'C',43,'ACTIVE',2,11),(256,'D',43,'ACTIVE',2,11),(257,'F',43,'ACTIVE',2,11),(258,'G',43,'ACTIVE',2,11),(259,'A',44,'ACTIVE',2,11),(260,'B',44,'ACTIVE',2,11),(261,'C',44,'ACTIVE',2,11),(262,'D',44,'ACTIVE',2,11),(263,'F',44,'ACTIVE',2,11),(264,'G',44,'ACTIVE',2,11),(265,'A',45,'ACTIVE',2,11),(266,'B',45,'ACTIVE',2,11),(267,'C',45,'ACTIVE',2,11),(268,'D',45,'ACTIVE',2,11),(269,'F',45,'ACTIVE',2,11),(270,'G',45,'ACTIVE',2,11),(271,'A',46,'ACTIVE',2,11),(272,'B',46,'ACTIVE',2,11),(273,'C',46,'ACTIVE',2,11),(274,'D',46,'ACTIVE',2,11),(275,'F',46,'ACTIVE',2,11),(276,'G',46,'ACTIVE',2,11),(277,'A',47,'ACTIVE',2,11),(278,'B',47,'ACTIVE',2,11),(279,'C',47,'ACTIVE',2,11),(280,'D',47,'ACTIVE',2,11),(281,'F',47,'ACTIVE',2,11),(282,'G',47,'ACTIVE',2,11),(283,'A',48,'ACTIVE',2,11),(284,'B',48,'ACTIVE',2,11),(285,'C',48,'ACTIVE',2,11),(286,'D',48,'ACTIVE',2,11),(287,'F',48,'ACTIVE',2,11),(288,'G',48,'ACTIVE',2,11),(289,'A',49,'ACTIVE',2,11),(290,'B',49,'ACTIVE',2,11),(291,'C',49,'ACTIVE',2,11),(292,'D',49,'ACTIVE',2,11),(293,'F',49,'ACTIVE',2,11),(294,'G',49,'ACTIVE',2,11),(295,'A',50,'ACTIVE',2,11),(296,'B',50,'ACTIVE',2,11),(297,'C',50,'ACTIVE',2,11),(298,'D',50,'ACTIVE',2,11),(299,'F',50,'ACTIVE',2,11),(300,'G',50,'ACTIVE',2,11),(301,'A',51,'ACTIVE',2,11),(302,'B',51,'ACTIVE',2,11),(303,'C',51,'ACTIVE',2,11),(304,'D',51,'ACTIVE',2,11),(305,'F',51,'ACTIVE',2,11),(306,'G',51,'ACTIVE',2,11),(307,'A',52,'ACTIVE',2,11),(308,'B',52,'ACTIVE',2,11),(309,'C',52,'ACTIVE',2,11),(310,'D',52,'ACTIVE',2,11),(311,'F',52,'ACTIVE',2,11),(312,'G',52,'ACTIVE',2,11),(313,'A',53,'ACTIVE',2,11),(314,'B',53,'ACTIVE',2,11),(315,'C',53,'ACTIVE',2,11),(316,'D',53,'ACTIVE',2,11),(317,'F',53,'ACTIVE',2,11),(318,'G',53,'ACTIVE',2,11),(319,'A',54,'ACTIVE',2,11),(320,'B',54,'ACTIVE',2,11),(321,'C',54,'ACTIVE',2,11),(322,'D',54,'ACTIVE',2,11),(323,'F',54,'ACTIVE',2,11),(324,'G',54,'ACTIVE',2,11),(325,'A',55,'ACTIVE',2,11),(326,'B',55,'ACTIVE',2,11),(327,'C',55,'ACTIVE',2,11),(328,'D',55,'ACTIVE',2,11),(329,'F',55,'ACTIVE',2,11),(330,'G',55,'ACTIVE',2,11),(331,'A',1,'ACTIVE',1,11),(332,'C',1,'ACTIVE',1,11),(333,'D',1,'ACTIVE',1,11),(334,'G',1,'ACTIVE',1,11),(335,'A',2,'ACTIVE',1,11),(336,'C',2,'ACTIVE',1,11),(337,'D',2,'ACTIVE',1,11),(338,'G',2,'ACTIVE',1,11),(339,'A',3,'ACTIVE',1,11),(340,'C',3,'ACTIVE',1,11),(341,'D',3,'ACTIVE',1,11),(342,'G',3,'ACTIVE',1,11),(343,'A',4,'ACTIVE',1,11),(344,'C',4,'ACTIVE',1,11),(345,'D',4,'ACTIVE',1,11),(346,'G',4,'ACTIVE',1,11),(347,'A',5,'ACTIVE',1,11),(348,'C',5,'ACTIVE',1,11),(349,'D',5,'ACTIVE',1,11),(350,'G',5,'ACTIVE',1,11),(351,'A',1,'ACTIVE',2,12),(352,'B',1,'ACTIVE',2,12),(353,'C',1,'ACTIVE',2,12),(354,'D',1,'ACTIVE',2,12),(355,'F',1,'ACTIVE',2,12),(356,'G',1,'ACTIVE',2,12),(357,'A',2,'ACTIVE',2,12),(358,'B',2,'ACTIVE',2,12),(359,'C',2,'ACTIVE',2,12),(360,'D',2,'ACTIVE',2,12),(361,'F',2,'ACTIVE',2,12),(362,'G',2,'ACTIVE',2,12),(363,'A',3,'ACTIVE',2,12),(364,'B',3,'ACTIVE',2,12),(365,'C',3,'ACTIVE',2,12),(366,'D',3,'ACTIVE',2,12),(367,'F',3,'ACTIVE',2,12),(368,'G',3,'ACTIVE',2,12),(369,'A',4,'ACTIVE',2,12),(370,'B',4,'ACTIVE',2,12),(371,'C',4,'ACTIVE',2,12),(372,'D',4,'ACTIVE',2,12),(373,'F',4,'ACTIVE',2,12),(374,'G',4,'ACTIVE',2,12),(375,'A',5,'ACTIVE',2,12),(376,'B',5,'ACTIVE',2,12),(377,'C',5,'ACTIVE',2,12),(378,'D',5,'ACTIVE',2,12),(379,'F',5,'ACTIVE',2,12),(380,'G',5,'ACTIVE',2,12),(381,'A',6,'ACTIVE',2,12),(382,'B',6,'ACTIVE',2,12),(383,'C',6,'ACTIVE',2,12),(384,'D',6,'ACTIVE',2,12),(385,'F',6,'ACTIVE',2,12),(386,'G',6,'ACTIVE',2,12),(387,'A',7,'ACTIVE',2,12),(388,'B',7,'ACTIVE',2,12),(389,'C',7,'ACTIVE',2,12),(390,'D',7,'ACTIVE',2,12),(391,'F',7,'ACTIVE',2,12),(392,'G',7,'ACTIVE',2,12),(393,'A',8,'ACTIVE',2,12),(394,'B',8,'ACTIVE',2,12),(395,'C',8,'ACTIVE',2,12),(396,'D',8,'ACTIVE',2,12),(397,'F',8,'ACTIVE',2,12),(398,'G',8,'ACTIVE',2,12),(399,'A',9,'ACTIVE',2,12),(400,'B',9,'ACTIVE',2,12),(401,'C',9,'ACTIVE',2,12),(402,'D',9,'ACTIVE',2,12),(403,'F',9,'ACTIVE',2,12),(404,'G',9,'ACTIVE',2,12),(405,'A',10,'ACTIVE',2,12),(406,'B',10,'ACTIVE',2,12),(407,'C',10,'ACTIVE',2,12),(408,'D',10,'ACTIVE',2,12),(409,'F',10,'ACTIVE',2,12),(410,'G',10,'ACTIVE',2,12),(411,'A',11,'ACTIVE',2,12),(412,'B',11,'ACTIVE',2,12),(413,'C',11,'ACTIVE',2,12),(414,'D',11,'ACTIVE',2,12),(415,'F',11,'ACTIVE',2,12),(416,'G',11,'ACTIVE',2,12),(417,'A',12,'ACTIVE',2,12),(418,'B',12,'ACTIVE',2,12),(419,'C',12,'ACTIVE',2,12),(420,'D',12,'ACTIVE',2,12),(421,'F',12,'ACTIVE',2,12),(422,'G',12,'ACTIVE',2,12),(423,'A',13,'ACTIVE',2,12),(424,'B',13,'ACTIVE',2,12),(425,'C',13,'ACTIVE',2,12),(426,'D',13,'ACTIVE',2,12),(427,'F',13,'ACTIVE',2,12),(428,'G',13,'ACTIVE',2,12),(429,'A',14,'ACTIVE',2,12),(430,'B',14,'ACTIVE',2,12),(431,'C',14,'ACTIVE',2,12),(432,'D',14,'ACTIVE',2,12),(433,'F',14,'ACTIVE',2,12),(434,'G',14,'ACTIVE',2,12),(435,'A',15,'ACTIVE',2,12),(436,'B',15,'ACTIVE',2,12),(437,'C',15,'ACTIVE',2,12),(438,'D',15,'ACTIVE',2,12),(439,'F',15,'ACTIVE',2,12),(440,'G',15,'ACTIVE',2,12),(441,'A',16,'ACTIVE',2,12),(442,'B',16,'ACTIVE',2,12),(443,'C',16,'ACTIVE',2,12),(444,'D',16,'ACTIVE',2,12),(445,'F',16,'ACTIVE',2,12),(446,'G',16,'ACTIVE',2,12),(447,'A',17,'ACTIVE',2,12),(448,'B',17,'ACTIVE',2,12),(449,'C',17,'ACTIVE',2,12),(450,'D',17,'ACTIVE',2,12),(451,'F',17,'ACTIVE',2,12),(452,'G',17,'ACTIVE',2,12),(453,'A',18,'ACTIVE',2,12),(454,'B',18,'ACTIVE',2,12),(455,'C',18,'ACTIVE',2,12),(456,'D',18,'ACTIVE',2,12),(457,'F',18,'ACTIVE',2,12),(458,'G',18,'ACTIVE',2,12),(459,'A',19,'ACTIVE',2,12),(460,'B',19,'ACTIVE',2,12),(461,'C',19,'ACTIVE',2,12),(462,'D',19,'ACTIVE',2,12),(463,'F',19,'ACTIVE',2,12),(464,'G',19,'ACTIVE',2,12),(465,'A',20,'ACTIVE',2,12),(466,'B',20,'ACTIVE',2,12),(467,'C',20,'ACTIVE',2,12),(468,'D',20,'ACTIVE',2,12),(469,'F',20,'ACTIVE',2,12),(470,'G',20,'ACTIVE',2,12),(471,'A',21,'ACTIVE',2,12),(472,'B',21,'ACTIVE',2,12),(473,'C',21,'ACTIVE',2,12),(474,'D',21,'ACTIVE',2,12),(475,'F',21,'ACTIVE',2,12),(476,'G',21,'ACTIVE',2,12),(477,'A',22,'ACTIVE',2,12),(478,'B',22,'ACTIVE',2,12),(479,'C',22,'ACTIVE',2,12),(480,'D',22,'ACTIVE',2,12),(481,'F',22,'ACTIVE',2,12),(482,'G',22,'ACTIVE',2,12),(483,'A',23,'ACTIVE',2,12),(484,'B',23,'ACTIVE',2,12),(485,'C',23,'ACTIVE',2,12),(486,'D',23,'ACTIVE',2,12),(487,'F',23,'ACTIVE',2,12),(488,'G',23,'ACTIVE',2,12),(489,'A',24,'ACTIVE',2,12),(490,'B',24,'ACTIVE',2,12),(491,'C',24,'ACTIVE',2,12),(492,'D',24,'ACTIVE',2,12),(493,'F',24,'ACTIVE',2,12),(494,'G',24,'ACTIVE',2,12),(495,'A',25,'ACTIVE',2,12),(496,'B',25,'ACTIVE',2,12),(497,'C',25,'ACTIVE',2,12),(498,'D',25,'ACTIVE',2,12),(499,'F',25,'ACTIVE',2,12),(500,'G',25,'ACTIVE',2,12),(501,'A',26,'ACTIVE',2,12),(502,'B',26,'ACTIVE',2,12),(503,'C',26,'ACTIVE',2,12),(504,'D',26,'ACTIVE',2,12),(505,'F',26,'ACTIVE',2,12),(506,'G',26,'ACTIVE',2,12),(507,'A',27,'ACTIVE',2,12),(508,'B',27,'ACTIVE',2,12),(509,'C',27,'ACTIVE',2,12),(510,'D',27,'ACTIVE',2,12),(511,'F',27,'ACTIVE',2,12),(512,'G',27,'ACTIVE',2,12),(513,'A',28,'ACTIVE',2,12),(514,'B',28,'ACTIVE',2,12),(515,'C',28,'ACTIVE',2,12),(516,'D',28,'ACTIVE',2,12),(517,'F',28,'ACTIVE',2,12),(518,'G',28,'ACTIVE',2,12),(519,'A',29,'ACTIVE',2,12),(520,'B',29,'ACTIVE',2,12),(521,'C',29,'ACTIVE',2,12),(522,'D',29,'ACTIVE',2,12),(523,'F',29,'ACTIVE',2,12),(524,'G',29,'ACTIVE',2,12),(525,'A',30,'ACTIVE',2,12),(526,'B',30,'ACTIVE',2,12),(527,'C',30,'ACTIVE',2,12),(528,'D',30,'ACTIVE',2,12),(529,'F',30,'ACTIVE',2,12),(530,'G',30,'ACTIVE',2,12),(531,'A',31,'ACTIVE',2,12),(532,'B',31,'ACTIVE',2,12),(533,'C',31,'ACTIVE',2,12),(534,'D',31,'ACTIVE',2,12),(535,'F',31,'ACTIVE',2,12),(536,'G',31,'ACTIVE',2,12),(537,'A',32,'ACTIVE',2,12),(538,'B',32,'ACTIVE',2,12),(539,'C',32,'ACTIVE',2,12),(540,'D',32,'ACTIVE',2,12),(541,'F',32,'ACTIVE',2,12),(542,'G',32,'ACTIVE',2,12),(543,'A',33,'ACTIVE',2,12),(544,'B',33,'ACTIVE',2,12),(545,'C',33,'ACTIVE',2,12),(546,'D',33,'ACTIVE',2,12),(547,'F',33,'ACTIVE',2,12),(548,'G',33,'ACTIVE',2,12),(549,'A',34,'ACTIVE',2,12),(550,'B',34,'ACTIVE',2,12),(551,'C',34,'ACTIVE',2,12),(552,'D',34,'ACTIVE',2,12),(553,'F',34,'ACTIVE',2,12),(554,'G',34,'ACTIVE',2,12),(555,'A',35,'ACTIVE',2,12),(556,'B',35,'ACTIVE',2,12),(557,'C',35,'ACTIVE',2,12),(558,'D',35,'ACTIVE',2,12),(559,'F',35,'ACTIVE',2,12),(560,'G',35,'ACTIVE',2,12),(561,'A',36,'ACTIVE',2,12),(562,'B',36,'ACTIVE',2,12),(563,'C',36,'ACTIVE',2,12),(564,'D',36,'ACTIVE',2,12),(565,'F',36,'ACTIVE',2,12),(566,'G',36,'ACTIVE',2,12),(567,'A',37,'ACTIVE',2,12),(568,'B',37,'ACTIVE',2,12),(569,'C',37,'ACTIVE',2,12),(570,'D',37,'ACTIVE',2,12),(571,'F',37,'ACTIVE',2,12),(572,'G',37,'ACTIVE',2,12),(573,'A',38,'ACTIVE',2,12),(574,'B',38,'ACTIVE',2,12),(575,'C',38,'ACTIVE',2,12),(576,'D',38,'ACTIVE',2,12),(577,'F',38,'ACTIVE',2,12),(578,'G',38,'ACTIVE',2,12),(579,'A',39,'ACTIVE',2,12),(580,'B',39,'ACTIVE',2,12),(581,'C',39,'ACTIVE',2,12),(582,'D',39,'ACTIVE',2,12),(583,'F',39,'ACTIVE',2,12),(584,'G',39,'ACTIVE',2,12),(585,'A',40,'ACTIVE',2,12),(586,'B',40,'ACTIVE',2,12),(587,'C',40,'ACTIVE',2,12),(588,'D',40,'ACTIVE',2,12),(589,'F',40,'ACTIVE',2,12),(590,'G',40,'ACTIVE',2,12),(591,'A',41,'ACTIVE',2,12),(592,'B',41,'ACTIVE',2,12),(593,'C',41,'ACTIVE',2,12),(594,'D',41,'ACTIVE',2,12),(595,'F',41,'ACTIVE',2,12),(596,'G',41,'ACTIVE',2,12),(597,'A',42,'ACTIVE',2,12),(598,'B',42,'ACTIVE',2,12),(599,'C',42,'ACTIVE',2,12),(600,'D',42,'ACTIVE',2,12),(601,'F',42,'ACTIVE',2,12),(602,'G',42,'ACTIVE',2,12),(603,'A',43,'ACTIVE',2,12),(604,'B',43,'ACTIVE',2,12),(605,'C',43,'ACTIVE',2,12),(606,'D',43,'ACTIVE',2,12),(607,'F',43,'ACTIVE',2,12),(608,'G',43,'ACTIVE',2,12),(609,'A',44,'ACTIVE',2,12),(610,'B',44,'ACTIVE',2,12),(611,'C',44,'ACTIVE',2,12),(612,'D',44,'ACTIVE',2,12),(613,'F',44,'ACTIVE',2,12),(614,'G',44,'ACTIVE',2,12),(615,'A',45,'ACTIVE',2,12),(616,'B',45,'ACTIVE',2,12),(617,'C',45,'ACTIVE',2,12),(618,'D',45,'ACTIVE',2,12),(619,'F',45,'ACTIVE',2,12),(620,'G',45,'ACTIVE',2,12),(621,'A',1,'ACTIVE',1,12),(622,'C',1,'ACTIVE',1,12),(623,'D',1,'ACTIVE',1,12),(624,'G',1,'ACTIVE',1,12),(625,'A',2,'ACTIVE',1,12),(626,'C',2,'ACTIVE',1,12),(627,'D',2,'ACTIVE',1,12),(628,'G',2,'ACTIVE',1,12),(629,'A',3,'ACTIVE',1,12),(630,'C',3,'ACTIVE',1,12),(631,'D',3,'ACTIVE',1,12),(632,'G',3,'ACTIVE',1,12),(633,'A',4,'ACTIVE',1,12),(634,'C',4,'ACTIVE',1,12),(635,'D',4,'ACTIVE',1,12),(636,'G',4,'ACTIVE',1,12),(637,'A',5,'ACTIVE',1,12),(638,'C',5,'ACTIVE',1,12),(639,'D',5,'ACTIVE',1,12),(640,'G',5,'ACTIVE',1,12),(641,'A',1,'ACTIVE',2,13),(642,'B',1,'ACTIVE',2,13),(643,'C',1,'ACTIVE',2,13),(644,'D',1,'ACTIVE',2,13),(645,'F',1,'ACTIVE',2,13),(646,'G',1,'ACTIVE',2,13),(647,'A',2,'ACTIVE',2,13),(648,'B',2,'ACTIVE',2,13),(649,'C',2,'ACTIVE',2,13),(650,'D',2,'ACTIVE',2,13),(651,'F',2,'ACTIVE',2,13),(652,'G',2,'ACTIVE',2,13),(653,'A',3,'ACTIVE',2,13),(654,'B',3,'ACTIVE',2,13),(655,'C',3,'ACTIVE',2,13),(656,'D',3,'ACTIVE',2,13),(657,'F',3,'ACTIVE',2,13),(658,'G',3,'ACTIVE',2,13),(659,'A',4,'ACTIVE',2,13),(660,'B',4,'ACTIVE',2,13),(661,'C',4,'ACTIVE',2,13),(662,'D',4,'ACTIVE',2,13),(663,'F',4,'ACTIVE',2,13),(664,'G',4,'ACTIVE',2,13),(665,'A',5,'ACTIVE',2,13),(666,'B',5,'ACTIVE',2,13),(667,'C',5,'ACTIVE',2,13),(668,'D',5,'ACTIVE',2,13),(669,'F',5,'ACTIVE',2,13),(670,'G',5,'ACTIVE',2,13),(671,'A',6,'ACTIVE',2,13),(672,'B',6,'ACTIVE',2,13),(673,'C',6,'ACTIVE',2,13),(674,'D',6,'ACTIVE',2,13),(675,'F',6,'ACTIVE',2,13),(676,'G',6,'ACTIVE',2,13),(677,'A',7,'ACTIVE',2,13),(678,'B',7,'ACTIVE',2,13),(679,'C',7,'ACTIVE',2,13),(680,'D',7,'ACTIVE',2,13),(681,'F',7,'ACTIVE',2,13),(682,'G',7,'ACTIVE',2,13),(683,'A',8,'ACTIVE',2,13),(684,'B',8,'ACTIVE',2,13),(685,'C',8,'ACTIVE',2,13),(686,'D',8,'ACTIVE',2,13),(687,'F',8,'ACTIVE',2,13),(688,'G',8,'ACTIVE',2,13),(689,'A',9,'ACTIVE',2,13),(690,'B',9,'ACTIVE',2,13),(691,'C',9,'ACTIVE',2,13),(692,'D',9,'ACTIVE',2,13),(693,'F',9,'ACTIVE',2,13),(694,'G',9,'ACTIVE',2,13),(695,'A',10,'ACTIVE',2,13),(696,'B',10,'ACTIVE',2,13),(697,'C',10,'ACTIVE',2,13),(698,'D',10,'ACTIVE',2,13),(699,'F',10,'ACTIVE',2,13),(700,'G',10,'ACTIVE',2,13),(701,'A',11,'ACTIVE',2,13),(702,'B',11,'ACTIVE',2,13),(703,'C',11,'ACTIVE',2,13),(704,'D',11,'ACTIVE',2,13),(705,'F',11,'ACTIVE',2,13),(706,'G',11,'ACTIVE',2,13),(707,'A',12,'ACTIVE',2,13),(708,'B',12,'ACTIVE',2,13),(709,'C',12,'ACTIVE',2,13),(710,'D',12,'ACTIVE',2,13),(711,'F',12,'ACTIVE',2,13),(712,'G',12,'ACTIVE',2,13),(713,'A',13,'ACTIVE',2,13),(714,'B',13,'ACTIVE',2,13),(715,'C',13,'ACTIVE',2,13),(716,'D',13,'ACTIVE',2,13),(717,'F',13,'ACTIVE',2,13),(718,'G',13,'ACTIVE',2,13),(719,'A',14,'ACTIVE',2,13),(720,'B',14,'ACTIVE',2,13),(721,'C',14,'ACTIVE',2,13),(722,'D',14,'ACTIVE',2,13),(723,'F',14,'ACTIVE',2,13),(724,'G',14,'ACTIVE',2,13),(725,'A',15,'ACTIVE',2,13),(726,'B',15,'ACTIVE',2,13),(727,'C',15,'ACTIVE',2,13),(728,'D',15,'ACTIVE',2,13),(729,'F',15,'ACTIVE',2,13),(730,'G',15,'ACTIVE',2,13),(731,'A',16,'ACTIVE',2,13),(732,'B',16,'ACTIVE',2,13),(733,'C',16,'ACTIVE',2,13),(734,'D',16,'ACTIVE',2,13),(735,'F',16,'ACTIVE',2,13),(736,'G',16,'ACTIVE',2,13),(737,'A',17,'ACTIVE',2,13),(738,'B',17,'ACTIVE',2,13),(739,'C',17,'ACTIVE',2,13),(740,'D',17,'ACTIVE',2,13),(741,'F',17,'ACTIVE',2,13),(742,'G',17,'ACTIVE',2,13),(743,'A',18,'ACTIVE',2,13),(744,'B',18,'ACTIVE',2,13),(745,'C',18,'ACTIVE',2,13),(746,'D',18,'ACTIVE',2,13),(747,'F',18,'ACTIVE',2,13),(748,'G',18,'ACTIVE',2,13),(749,'A',19,'ACTIVE',2,13),(750,'B',19,'ACTIVE',2,13),(751,'C',19,'ACTIVE',2,13),(752,'D',19,'ACTIVE',2,13),(753,'F',19,'ACTIVE',2,13),(754,'G',19,'ACTIVE',2,13),(755,'A',20,'ACTIVE',2,13),(756,'B',20,'ACTIVE',2,13),(757,'C',20,'ACTIVE',2,13),(758,'D',20,'ACTIVE',2,13),(759,'F',20,'ACTIVE',2,13),(760,'G',20,'ACTIVE',2,13),(761,'A',21,'ACTIVE',2,13),(762,'B',21,'ACTIVE',2,13),(763,'C',21,'ACTIVE',2,13),(764,'D',21,'ACTIVE',2,13),(765,'F',21,'ACTIVE',2,13),(766,'G',21,'ACTIVE',2,13),(767,'A',22,'ACTIVE',2,13),(768,'B',22,'ACTIVE',2,13),(769,'C',22,'ACTIVE',2,13),(770,'D',22,'ACTIVE',2,13),(771,'F',22,'ACTIVE',2,13),(772,'G',22,'ACTIVE',2,13),(773,'A',23,'ACTIVE',2,13),(774,'B',23,'ACTIVE',2,13),(775,'C',23,'ACTIVE',2,13),(776,'D',23,'ACTIVE',2,13),(777,'F',23,'ACTIVE',2,13),(778,'G',23,'ACTIVE',2,13),(779,'A',24,'ACTIVE',2,13),(780,'B',24,'ACTIVE',2,13),(781,'C',24,'ACTIVE',2,13),(782,'D',24,'ACTIVE',2,13),(783,'F',24,'ACTIVE',2,13),(784,'G',24,'ACTIVE',2,13),(785,'A',25,'ACTIVE',2,13),(786,'B',25,'ACTIVE',2,13),(787,'C',25,'ACTIVE',2,13),(788,'D',25,'ACTIVE',2,13),(789,'F',25,'ACTIVE',2,13),(790,'G',25,'ACTIVE',2,13),(791,'A',26,'ACTIVE',2,13),(792,'B',26,'ACTIVE',2,13),(793,'C',26,'ACTIVE',2,13),(794,'D',26,'ACTIVE',2,13),(795,'F',26,'ACTIVE',2,13),(796,'G',26,'ACTIVE',2,13),(797,'A',27,'ACTIVE',2,13),(798,'B',27,'ACTIVE',2,13),(799,'C',27,'ACTIVE',2,13),(800,'D',27,'ACTIVE',2,13),(801,'F',27,'ACTIVE',2,13),(802,'G',27,'ACTIVE',2,13),(803,'A',28,'ACTIVE',2,13),(804,'B',28,'ACTIVE',2,13),(805,'C',28,'ACTIVE',2,13),(806,'D',28,'ACTIVE',2,13),(807,'F',28,'ACTIVE',2,13),(808,'G',28,'ACTIVE',2,13),(809,'A',29,'ACTIVE',2,13),(810,'B',29,'ACTIVE',2,13),(811,'C',29,'ACTIVE',2,13),(812,'D',29,'ACTIVE',2,13),(813,'F',29,'ACTIVE',2,13),(814,'G',29,'ACTIVE',2,13),(815,'A',30,'ACTIVE',2,13),(816,'B',30,'ACTIVE',2,13),(817,'C',30,'ACTIVE',2,13),(818,'D',30,'ACTIVE',2,13),(819,'F',30,'ACTIVE',2,13),(820,'G',30,'ACTIVE',2,13),(821,'A',31,'ACTIVE',2,13),(822,'B',31,'ACTIVE',2,13),(823,'C',31,'ACTIVE',2,13),(824,'D',31,'ACTIVE',2,13),(825,'F',31,'ACTIVE',2,13),(826,'G',31,'ACTIVE',2,13),(827,'A',32,'ACTIVE',2,13),(828,'B',32,'ACTIVE',2,13),(829,'C',32,'ACTIVE',2,13),(830,'D',32,'ACTIVE',2,13),(831,'F',32,'ACTIVE',2,13),(832,'G',32,'ACTIVE',2,13),(833,'A',33,'ACTIVE',2,13),(834,'B',33,'ACTIVE',2,13),(835,'C',33,'ACTIVE',2,13),(836,'D',33,'ACTIVE',2,13),(837,'F',33,'ACTIVE',2,13),(838,'G',33,'ACTIVE',2,13),(839,'A',34,'ACTIVE',2,13),(840,'B',34,'ACTIVE',2,13),(841,'C',34,'ACTIVE',2,13),(842,'D',34,'ACTIVE',2,13),(843,'F',34,'ACTIVE',2,13),(844,'G',34,'ACTIVE',2,13),(845,'A',35,'ACTIVE',2,13),(846,'B',35,'ACTIVE',2,13),(847,'C',35,'ACTIVE',2,13),(848,'D',35,'ACTIVE',2,13),(849,'F',35,'ACTIVE',2,13),(850,'G',35,'ACTIVE',2,13),(851,'A',36,'ACTIVE',2,13),(852,'B',36,'ACTIVE',2,13),(853,'C',36,'ACTIVE',2,13),(854,'D',36,'ACTIVE',2,13),(855,'F',36,'ACTIVE',2,13),(856,'G',36,'ACTIVE',2,13),(857,'A',37,'ACTIVE',2,13),(858,'B',37,'ACTIVE',2,13),(859,'C',37,'ACTIVE',2,13),(860,'D',37,'ACTIVE',2,13),(861,'F',37,'ACTIVE',2,13),(862,'G',37,'ACTIVE',2,13),(863,'A',38,'ACTIVE',2,13),(864,'B',38,'ACTIVE',2,13),(865,'C',38,'ACTIVE',2,13),(866,'D',38,'ACTIVE',2,13),(867,'F',38,'ACTIVE',2,13),(868,'G',38,'ACTIVE',2,13),(869,'A',39,'ACTIVE',2,13),(870,'B',39,'ACTIVE',2,13),(871,'C',39,'ACTIVE',2,13),(872,'D',39,'ACTIVE',2,13),(873,'F',39,'ACTIVE',2,13),(874,'G',39,'ACTIVE',2,13),(875,'A',40,'ACTIVE',2,13),(876,'B',40,'ACTIVE',2,13),(877,'C',40,'ACTIVE',2,13),(878,'D',40,'ACTIVE',2,13),(879,'F',40,'ACTIVE',2,13),(880,'G',40,'ACTIVE',2,13),(881,'A',41,'ACTIVE',2,13),(882,'B',41,'ACTIVE',2,13),(883,'C',41,'ACTIVE',2,13),(884,'D',41,'ACTIVE',2,13),(885,'F',41,'ACTIVE',2,13),(886,'G',41,'ACTIVE',2,13),(887,'A',42,'ACTIVE',2,13),(888,'B',42,'ACTIVE',2,13),(889,'C',42,'ACTIVE',2,13),(890,'D',42,'ACTIVE',2,13),(891,'F',42,'ACTIVE',2,13),(892,'G',42,'ACTIVE',2,13),(893,'A',1,'ACTIVE',1,13),(894,'C',1,'ACTIVE',1,13),(895,'D',1,'ACTIVE',1,13),(896,'G',1,'ACTIVE',1,13),(897,'A',2,'ACTIVE',1,13),(898,'C',2,'ACTIVE',1,13),(899,'D',2,'ACTIVE',1,13),(900,'G',2,'ACTIVE',1,13),(901,'A',3,'ACTIVE',1,13),(902,'C',3,'ACTIVE',1,13),(903,'D',3,'ACTIVE',1,13),(904,'G',3,'ACTIVE',1,13),(905,'A',4,'ACTIVE',1,13),(906,'C',4,'ACTIVE',1,13),(907,'D',4,'ACTIVE',1,13),(908,'G',4,'ACTIVE',1,13),(909,'A',5,'ACTIVE',1,13),(910,'C',5,'ACTIVE',1,13),(911,'D',5,'ACTIVE',1,13),(912,'G',5,'ACTIVE',1,13),(913,'A',1,'ACTIVE',2,14),(914,'B',1,'ACTIVE',2,14),(915,'C',1,'ACTIVE',2,14),(916,'D',1,'ACTIVE',2,14),(917,'F',1,'ACTIVE',2,14),(918,'G',1,'ACTIVE',2,14),(919,'A',2,'ACTIVE',2,14),(920,'B',2,'ACTIVE',2,14),(921,'C',2,'ACTIVE',2,14),(922,'D',2,'ACTIVE',2,14),(923,'F',2,'ACTIVE',2,14),(924,'G',2,'ACTIVE',2,14),(925,'A',3,'ACTIVE',2,14),(926,'B',3,'ACTIVE',2,14),(927,'C',3,'ACTIVE',2,14),(928,'D',3,'ACTIVE',2,14),(929,'F',3,'ACTIVE',2,14),(930,'G',3,'ACTIVE',2,14),(931,'A',4,'ACTIVE',2,14),(932,'B',4,'ACTIVE',2,14),(933,'C',4,'ACTIVE',2,14),(934,'D',4,'ACTIVE',2,14),(935,'F',4,'ACTIVE',2,14),(936,'G',4,'ACTIVE',2,14),(937,'A',5,'ACTIVE',2,14),(938,'B',5,'ACTIVE',2,14),(939,'C',5,'ACTIVE',2,14),(940,'D',5,'ACTIVE',2,14),(941,'F',5,'ACTIVE',2,14),(942,'G',5,'ACTIVE',2,14),(943,'A',6,'ACTIVE',2,14),(944,'B',6,'ACTIVE',2,14),(945,'C',6,'ACTIVE',2,14),(946,'D',6,'ACTIVE',2,14),(947,'F',6,'ACTIVE',2,14),(948,'G',6,'ACTIVE',2,14),(949,'A',7,'ACTIVE',2,14),(950,'B',7,'ACTIVE',2,14),(951,'C',7,'ACTIVE',2,14),(952,'D',7,'ACTIVE',2,14),(953,'F',7,'ACTIVE',2,14),(954,'G',7,'ACTIVE',2,14),(955,'A',8,'ACTIVE',2,14),(956,'B',8,'ACTIVE',2,14),(957,'C',8,'ACTIVE',2,14),(958,'D',8,'ACTIVE',2,14),(959,'F',8,'ACTIVE',2,14),(960,'G',8,'ACTIVE',2,14),(961,'A',9,'ACTIVE',2,14),(962,'B',9,'ACTIVE',2,14),(963,'C',9,'ACTIVE',2,14),(964,'D',9,'ACTIVE',2,14),(965,'F',9,'ACTIVE',2,14),(966,'G',9,'ACTIVE',2,14),(967,'A',10,'ACTIVE',2,14),(968,'B',10,'ACTIVE',2,14),(969,'C',10,'ACTIVE',2,14),(970,'D',10,'ACTIVE',2,14),(971,'F',10,'ACTIVE',2,14),(972,'G',10,'ACTIVE',2,14),(973,'A',11,'ACTIVE',2,14),(974,'B',11,'ACTIVE',2,14),(975,'C',11,'ACTIVE',2,14),(976,'D',11,'ACTIVE',2,14),(977,'F',11,'ACTIVE',2,14),(978,'G',11,'ACTIVE',2,14),(979,'A',12,'ACTIVE',2,14),(980,'B',12,'ACTIVE',2,14),(981,'C',12,'ACTIVE',2,14),(982,'D',12,'ACTIVE',2,14),(983,'F',12,'ACTIVE',2,14),(984,'G',12,'ACTIVE',2,14),(985,'A',13,'ACTIVE',2,14),(986,'B',13,'ACTIVE',2,14),(987,'C',13,'ACTIVE',2,14),(988,'D',13,'ACTIVE',2,14),(989,'F',13,'ACTIVE',2,14),(990,'G',13,'ACTIVE',2,14),(991,'A',14,'ACTIVE',2,14),(992,'B',14,'ACTIVE',2,14),(993,'C',14,'ACTIVE',2,14),(994,'D',14,'ACTIVE',2,14),(995,'F',14,'ACTIVE',2,14),(996,'G',14,'ACTIVE',2,14),(997,'A',15,'ACTIVE',2,14),(998,'B',15,'ACTIVE',2,14),(999,'C',15,'ACTIVE',2,14),(1000,'D',15,'ACTIVE',2,14),(1001,'F',15,'ACTIVE',2,14),(1002,'G',15,'ACTIVE',2,14),(1003,'A',16,'ACTIVE',2,14),(1004,'B',16,'ACTIVE',2,14),(1005,'C',16,'ACTIVE',2,14),(1006,'D',16,'ACTIVE',2,14),(1007,'F',16,'ACTIVE',2,14),(1008,'G',16,'ACTIVE',2,14),(1009,'A',17,'ACTIVE',2,14),(1010,'B',17,'ACTIVE',2,14),(1011,'C',17,'ACTIVE',2,14),(1012,'D',17,'ACTIVE',2,14),(1013,'F',17,'ACTIVE',2,14),(1014,'G',17,'ACTIVE',2,14),(1015,'A',18,'ACTIVE',2,14),(1016,'B',18,'ACTIVE',2,14),(1017,'C',18,'ACTIVE',2,14),(1018,'D',18,'ACTIVE',2,14),(1019,'F',18,'ACTIVE',2,14),(1020,'G',18,'ACTIVE',2,14),(1021,'A',19,'ACTIVE',2,14),(1022,'B',19,'ACTIVE',2,14),(1023,'C',19,'ACTIVE',2,14),(1024,'D',19,'ACTIVE',2,14),(1025,'F',19,'ACTIVE',2,14),(1026,'G',19,'ACTIVE',2,14),(1027,'A',20,'ACTIVE',2,14),(1028,'B',20,'ACTIVE',2,14),(1029,'C',20,'ACTIVE',2,14),(1030,'D',20,'ACTIVE',2,14),(1031,'F',20,'ACTIVE',2,14),(1032,'G',20,'ACTIVE',2,14),(1033,'A',21,'ACTIVE',2,14),(1034,'B',21,'ACTIVE',2,14),(1035,'C',21,'ACTIVE',2,14),(1036,'D',21,'ACTIVE',2,14),(1037,'F',21,'ACTIVE',2,14),(1038,'G',21,'ACTIVE',2,14),(1039,'A',22,'ACTIVE',2,14),(1040,'B',22,'ACTIVE',2,14),(1041,'C',22,'ACTIVE',2,14),(1042,'D',22,'ACTIVE',2,14),(1043,'F',22,'ACTIVE',2,14),(1044,'G',22,'ACTIVE',2,14),(1045,'A',23,'ACTIVE',2,14),(1046,'B',23,'ACTIVE',2,14),(1047,'C',23,'ACTIVE',2,14),(1048,'D',23,'ACTIVE',2,14),(1049,'F',23,'ACTIVE',2,14),(1050,'G',23,'ACTIVE',2,14),(1051,'A',24,'ACTIVE',2,14),(1052,'B',24,'ACTIVE',2,14),(1053,'C',24,'ACTIVE',2,14),(1054,'D',24,'ACTIVE',2,14),(1055,'F',24,'ACTIVE',2,14),(1056,'G',24,'ACTIVE',2,14),(1057,'A',25,'ACTIVE',2,14),(1058,'B',25,'ACTIVE',2,14),(1059,'C',25,'ACTIVE',2,14),(1060,'D',25,'ACTIVE',2,14),(1061,'F',25,'ACTIVE',2,14),(1062,'G',25,'ACTIVE',2,14),(1063,'A',26,'ACTIVE',2,14),(1064,'B',26,'ACTIVE',2,14),(1065,'C',26,'ACTIVE',2,14),(1066,'D',26,'ACTIVE',2,14),(1067,'F',26,'ACTIVE',2,14),(1068,'G',26,'ACTIVE',2,14),(1069,'A',27,'ACTIVE',2,14),(1070,'B',27,'ACTIVE',2,14),(1071,'C',27,'ACTIVE',2,14),(1072,'D',27,'ACTIVE',2,14),(1073,'F',27,'ACTIVE',2,14),(1074,'G',27,'ACTIVE',2,14),(1075,'A',28,'ACTIVE',2,14),(1076,'B',28,'ACTIVE',2,14),(1077,'C',28,'ACTIVE',2,14),(1078,'D',28,'ACTIVE',2,14),(1079,'F',28,'ACTIVE',2,14),(1080,'G',28,'ACTIVE',2,14),(1081,'A',29,'ACTIVE',2,14),(1082,'B',29,'ACTIVE',2,14),(1083,'C',29,'ACTIVE',2,14),(1084,'D',29,'ACTIVE',2,14),(1085,'F',29,'ACTIVE',2,14),(1086,'G',29,'ACTIVE',2,14),(1087,'A',30,'ACTIVE',2,14),(1088,'B',30,'ACTIVE',2,14),(1089,'C',30,'ACTIVE',2,14),(1090,'D',30,'ACTIVE',2,14),(1091,'F',30,'ACTIVE',2,14),(1092,'G',30,'ACTIVE',2,14),(1093,'A',31,'ACTIVE',2,14),(1094,'B',31,'ACTIVE',2,14),(1095,'C',31,'ACTIVE',2,14),(1096,'D',31,'ACTIVE',2,14),(1097,'F',31,'ACTIVE',2,14),(1098,'G',31,'ACTIVE',2,14),(1099,'A',32,'ACTIVE',2,14),(1100,'B',32,'ACTIVE',2,14),(1101,'C',32,'ACTIVE',2,14),(1102,'D',32,'ACTIVE',2,14),(1103,'F',32,'ACTIVE',2,14),(1104,'G',32,'ACTIVE',2,14),(1105,'A',33,'ACTIVE',2,14),(1106,'B',33,'ACTIVE',2,14),(1107,'C',33,'ACTIVE',2,14),(1108,'D',33,'ACTIVE',2,14),(1109,'F',33,'ACTIVE',2,14),(1110,'G',33,'ACTIVE',2,14),(1111,'A',34,'ACTIVE',2,14),(1112,'B',34,'ACTIVE',2,14),(1113,'C',34,'ACTIVE',2,14),(1114,'D',34,'ACTIVE',2,14),(1115,'F',34,'ACTIVE',2,14),(1116,'G',34,'ACTIVE',2,14),(1117,'A',35,'ACTIVE',2,14),(1118,'B',35,'ACTIVE',2,14),(1119,'C',35,'ACTIVE',2,14),(1120,'D',35,'ACTIVE',2,14),(1121,'F',35,'ACTIVE',2,14),(1122,'G',35,'ACTIVE',2,14),(1123,'A',36,'ACTIVE',2,14),(1124,'B',36,'ACTIVE',2,14),(1125,'C',36,'ACTIVE',2,14),(1126,'D',36,'ACTIVE',2,14),(1127,'F',36,'ACTIVE',2,14),(1128,'G',36,'ACTIVE',2,14),(1129,'A',37,'ACTIVE',2,14),(1130,'B',37,'ACTIVE',2,14),(1131,'C',37,'ACTIVE',2,14),(1132,'D',37,'ACTIVE',2,14),(1133,'F',37,'ACTIVE',2,14),(1134,'G',37,'ACTIVE',2,14),(1135,'A',38,'ACTIVE',2,14),(1136,'B',38,'ACTIVE',2,14),(1137,'C',38,'ACTIVE',2,14),(1138,'D',38,'ACTIVE',2,14),(1139,'F',38,'ACTIVE',2,14),(1140,'G',38,'ACTIVE',2,14),(1141,'A',39,'ACTIVE',2,14),(1142,'B',39,'ACTIVE',2,14),(1143,'C',39,'ACTIVE',2,14),(1144,'D',39,'ACTIVE',2,14),(1145,'F',39,'ACTIVE',2,14),(1146,'G',39,'ACTIVE',2,14),(1147,'A',40,'ACTIVE',2,14),(1148,'B',40,'ACTIVE',2,14),(1149,'C',40,'ACTIVE',2,14),(1150,'D',40,'ACTIVE',2,14),(1151,'F',40,'ACTIVE',2,14),(1152,'G',40,'ACTIVE',2,14),(1153,'A',41,'ACTIVE',2,14),(1154,'B',41,'ACTIVE',2,14),(1155,'C',41,'ACTIVE',2,14),(1156,'D',41,'ACTIVE',2,14),(1157,'F',41,'ACTIVE',2,14),(1158,'G',41,'ACTIVE',2,14),(1159,'A',42,'ACTIVE',2,14),(1160,'B',42,'ACTIVE',2,14),(1161,'C',42,'ACTIVE',2,14),(1162,'D',42,'ACTIVE',2,14),(1163,'F',42,'ACTIVE',2,14),(1164,'G',42,'ACTIVE',2,14),(1165,'A',43,'ACTIVE',2,14),(1166,'B',43,'ACTIVE',2,14),(1167,'C',43,'ACTIVE',2,14),(1168,'D',43,'ACTIVE',2,14),(1169,'F',43,'ACTIVE',2,14),(1170,'G',43,'ACTIVE',2,14),(1171,'A',1,'ACTIVE',1,14),(1172,'C',1,'ACTIVE',1,14),(1173,'D',1,'ACTIVE',1,14),(1174,'G',1,'ACTIVE',1,14),(1175,'A',2,'ACTIVE',1,14),(1176,'C',2,'ACTIVE',1,14),(1177,'D',2,'ACTIVE',1,14),(1178,'G',2,'ACTIVE',1,14),(1179,'A',3,'ACTIVE',1,14),(1180,'C',3,'ACTIVE',1,14),(1181,'D',3,'ACTIVE',1,14),(1182,'G',3,'ACTIVE',1,14),(1183,'S',1,'ACTIVE',2,15),(1184,'A',1,'ACTIVE',2,15),(1185,'D',1,'ACTIVE',2,15),(1186,'F',1,'ACTIVE',2,15),(1187,'D',1,'ACTIVE',2,15),(1188,'D',1,'ACTIVE',2,15),(1189,'S',2,'ACTIVE',2,15),(1190,'A',2,'ACTIVE',2,15),(1191,'D',2,'ACTIVE',2,15),(1192,'F',2,'ACTIVE',2,15),(1193,'D',2,'ACTIVE',2,15),(1194,'D',2,'ACTIVE',2,15),(1195,'S',3,'ACTIVE',2,15),(1196,'A',3,'ACTIVE',2,15),(1197,'D',3,'ACTIVE',2,15),(1198,'F',3,'ACTIVE',2,15),(1199,'D',3,'ACTIVE',2,15),(1200,'D',3,'ACTIVE',2,15),(1201,'S',4,'ACTIVE',2,15),(1202,'A',4,'ACTIVE',2,15),(1203,'D',4,'ACTIVE',2,15),(1204,'F',4,'ACTIVE',2,15),(1205,'D',4,'ACTIVE',2,15),(1206,'D',4,'ACTIVE',2,15),(1207,'S',5,'ACTIVE',2,15),(1208,'A',5,'ACTIVE',2,15),(1209,'D',5,'ACTIVE',2,15),(1210,'F',5,'ACTIVE',2,15),(1211,'D',5,'ACTIVE',2,15),(1212,'D',5,'ACTIVE',2,15),(1213,'S',6,'ACTIVE',2,15),(1214,'A',6,'ACTIVE',2,15),(1215,'D',6,'ACTIVE',2,15),(1216,'F',6,'ACTIVE',2,15),(1217,'D',6,'ACTIVE',2,15),(1218,'D',6,'ACTIVE',2,15),(1219,'S',7,'ACTIVE',2,15),(1220,'A',7,'ACTIVE',2,15),(1221,'D',7,'ACTIVE',2,15),(1222,'F',7,'ACTIVE',2,15),(1223,'D',7,'ACTIVE',2,15),(1224,'D',7,'ACTIVE',2,15),(1225,'S',8,'ACTIVE',2,15),(1226,'A',8,'ACTIVE',2,15),(1227,'D',8,'ACTIVE',2,15),(1228,'F',8,'ACTIVE',2,15),(1229,'D',8,'ACTIVE',2,15),(1230,'D',8,'ACTIVE',2,15),(1231,'S',9,'ACTIVE',2,15),(1232,'A',9,'ACTIVE',2,15),(1233,'D',9,'ACTIVE',2,15),(1234,'F',9,'ACTIVE',2,15),(1235,'D',9,'ACTIVE',2,15),(1236,'D',9,'ACTIVE',2,15),(1237,'S',10,'ACTIVE',2,15),(1238,'A',10,'ACTIVE',2,15),(1239,'D',10,'ACTIVE',2,15),(1240,'F',10,'ACTIVE',2,15),(1241,'D',10,'ACTIVE',2,15),(1242,'D',10,'ACTIVE',2,15),(1243,'S',11,'ACTIVE',2,15),(1244,'A',11,'ACTIVE',2,15),(1245,'D',11,'ACTIVE',2,15),(1246,'F',11,'ACTIVE',2,15),(1247,'D',11,'ACTIVE',2,15),(1248,'D',11,'ACTIVE',2,15),(1249,'S',12,'ACTIVE',2,15),(1250,'A',12,'ACTIVE',2,15),(1251,'D',12,'ACTIVE',2,15),(1252,'F',12,'ACTIVE',2,15),(1253,'D',12,'ACTIVE',2,15),(1254,'D',12,'ACTIVE',2,15),(1255,'S',13,'ACTIVE',2,15),(1256,'A',13,'ACTIVE',2,15),(1257,'D',13,'ACTIVE',2,15),(1258,'F',13,'ACTIVE',2,15),(1259,'D',13,'ACTIVE',2,15),(1260,'D',13,'ACTIVE',2,15),(1261,'S',14,'ACTIVE',2,15),(1262,'A',14,'ACTIVE',2,15),(1263,'D',14,'ACTIVE',2,15),(1264,'F',14,'ACTIVE',2,15),(1265,'D',14,'ACTIVE',2,15),(1266,'D',14,'ACTIVE',2,15),(1267,'S',15,'ACTIVE',2,15),(1268,'A',15,'ACTIVE',2,15),(1269,'D',15,'ACTIVE',2,15),(1270,'F',15,'ACTIVE',2,15),(1271,'D',15,'ACTIVE',2,15),(1272,'D',15,'ACTIVE',2,15),(1273,'S',16,'ACTIVE',2,15),(1274,'A',16,'ACTIVE',2,15),(1275,'D',16,'ACTIVE',2,15),(1276,'F',16,'ACTIVE',2,15),(1277,'D',16,'ACTIVE',2,15),(1278,'D',16,'ACTIVE',2,15),(1279,'S',17,'ACTIVE',2,15),(1280,'A',17,'ACTIVE',2,15),(1281,'D',17,'ACTIVE',2,15),(1282,'F',17,'ACTIVE',2,15),(1283,'D',17,'ACTIVE',2,15),(1284,'D',17,'ACTIVE',2,15),(1285,'S',18,'ACTIVE',2,15),(1286,'A',18,'ACTIVE',2,15),(1287,'D',18,'ACTIVE',2,15),(1288,'F',18,'ACTIVE',2,15),(1289,'D',18,'ACTIVE',2,15),(1290,'D',18,'ACTIVE',2,15),(1291,'S',19,'ACTIVE',2,15),(1292,'A',19,'ACTIVE',2,15),(1293,'D',19,'ACTIVE',2,15),(1294,'F',19,'ACTIVE',2,15),(1295,'D',19,'ACTIVE',2,15),(1296,'D',19,'ACTIVE',2,15),(1297,'S',20,'ACTIVE',2,15),(1298,'A',20,'ACTIVE',2,15),(1299,'D',20,'ACTIVE',2,15),(1300,'F',20,'ACTIVE',2,15),(1301,'D',20,'ACTIVE',2,15),(1302,'D',20,'ACTIVE',2,15),(1303,'S',21,'ACTIVE',2,15),(1304,'A',21,'ACTIVE',2,15),(1305,'D',21,'ACTIVE',2,15),(1306,'F',21,'ACTIVE',2,15),(1307,'D',21,'ACTIVE',2,15),(1308,'D',21,'ACTIVE',2,15),(1309,'S',22,'ACTIVE',2,15),(1310,'A',22,'ACTIVE',2,15),(1311,'D',22,'ACTIVE',2,15),(1312,'F',22,'ACTIVE',2,15),(1313,'D',22,'ACTIVE',2,15),(1314,'D',22,'ACTIVE',2,15),(1315,'S',23,'ACTIVE',2,15),(1316,'A',23,'ACTIVE',2,15),(1317,'D',23,'ACTIVE',2,15),(1318,'F',23,'ACTIVE',2,15),(1319,'D',23,'ACTIVE',2,15),(1320,'D',23,'ACTIVE',2,15),(1321,'S',24,'ACTIVE',2,15),(1322,'A',24,'ACTIVE',2,15),(1323,'D',24,'ACTIVE',2,15),(1324,'F',24,'ACTIVE',2,15),(1325,'D',24,'ACTIVE',2,15),(1326,'D',24,'ACTIVE',2,15),(1327,'S',25,'ACTIVE',2,15),(1328,'A',25,'ACTIVE',2,15),(1329,'D',25,'ACTIVE',2,15),(1330,'F',25,'ACTIVE',2,15),(1331,'D',25,'ACTIVE',2,15),(1332,'D',25,'ACTIVE',2,15),(1333,'S',26,'ACTIVE',2,15),(1334,'A',26,'ACTIVE',2,15),(1335,'D',26,'ACTIVE',2,15),(1336,'F',26,'ACTIVE',2,15),(1337,'D',26,'ACTIVE',2,15),(1338,'D',26,'ACTIVE',2,15),(1339,'S',27,'ACTIVE',2,15),(1340,'A',27,'ACTIVE',2,15),(1341,'D',27,'ACTIVE',2,15),(1342,'F',27,'ACTIVE',2,15),(1343,'D',27,'ACTIVE',2,15),(1344,'D',27,'ACTIVE',2,15),(1345,'S',28,'ACTIVE',2,15),(1346,'A',28,'ACTIVE',2,15),(1347,'D',28,'ACTIVE',2,15),(1348,'F',28,'ACTIVE',2,15),(1349,'D',28,'ACTIVE',2,15),(1350,'D',28,'ACTIVE',2,15),(1351,'S',29,'ACTIVE',2,15),(1352,'A',29,'ACTIVE',2,15),(1353,'D',29,'ACTIVE',2,15),(1354,'F',29,'ACTIVE',2,15),(1355,'D',29,'ACTIVE',2,15),(1356,'D',29,'ACTIVE',2,15),(1357,'S',30,'ACTIVE',2,15),(1358,'A',30,'ACTIVE',2,15),(1359,'D',30,'ACTIVE',2,15),(1360,'F',30,'ACTIVE',2,15),(1361,'D',30,'ACTIVE',2,15),(1362,'D',30,'ACTIVE',2,15),(1363,'S',31,'ACTIVE',2,15),(1364,'A',31,'ACTIVE',2,15),(1365,'D',31,'ACTIVE',2,15),(1366,'F',31,'ACTIVE',2,15),(1367,'D',31,'ACTIVE',2,15),(1368,'D',31,'ACTIVE',2,15),(1369,'S',32,'ACTIVE',2,15),(1370,'A',32,'ACTIVE',2,15),(1371,'D',32,'ACTIVE',2,15),(1372,'F',32,'ACTIVE',2,15),(1373,'D',32,'ACTIVE',2,15),(1374,'D',32,'ACTIVE',2,15),(1375,'S',33,'ACTIVE',2,15),(1376,'A',33,'ACTIVE',2,15),(1377,'D',33,'ACTIVE',2,15),(1378,'F',33,'ACTIVE',2,15),(1379,'D',33,'ACTIVE',2,15),(1380,'D',33,'ACTIVE',2,15),(1381,'S',34,'ACTIVE',2,15),(1382,'A',34,'ACTIVE',2,15),(1383,'D',34,'ACTIVE',2,15),(1384,'F',34,'ACTIVE',2,15),(1385,'D',34,'ACTIVE',2,15),(1386,'D',34,'ACTIVE',2,15),(1387,'S',35,'ACTIVE',2,15),(1388,'A',35,'ACTIVE',2,15),(1389,'D',35,'ACTIVE',2,15),(1390,'F',35,'ACTIVE',2,15),(1391,'D',35,'ACTIVE',2,15),(1392,'D',35,'ACTIVE',2,15),(1393,'S',36,'ACTIVE',2,15),(1394,'A',36,'ACTIVE',2,15),(1395,'D',36,'ACTIVE',2,15),(1396,'F',36,'ACTIVE',2,15),(1397,'D',36,'ACTIVE',2,15),(1398,'D',36,'ACTIVE',2,15),(1399,'S',37,'ACTIVE',2,15),(1400,'A',37,'ACTIVE',2,15),(1401,'D',37,'ACTIVE',2,15),(1402,'F',37,'ACTIVE',2,15),(1403,'D',37,'ACTIVE',2,15),(1404,'D',37,'ACTIVE',2,15),(1405,'S',38,'ACTIVE',2,15),(1406,'A',38,'ACTIVE',2,15),(1407,'D',38,'ACTIVE',2,15),(1408,'F',38,'ACTIVE',2,15),(1409,'D',38,'ACTIVE',2,15),(1410,'D',38,'ACTIVE',2,15),(1411,'S',39,'ACTIVE',2,15),(1412,'A',39,'ACTIVE',2,15),(1413,'D',39,'ACTIVE',2,15),(1414,'F',39,'ACTIVE',2,15),(1415,'D',39,'ACTIVE',2,15),(1416,'D',39,'ACTIVE',2,15),(1417,'S',40,'ACTIVE',2,15),(1418,'A',40,'ACTIVE',2,15),(1419,'D',40,'ACTIVE',2,15),(1420,'F',40,'ACTIVE',2,15),(1421,'D',40,'ACTIVE',2,15),(1422,'D',40,'ACTIVE',2,15),(1423,'S',41,'ACTIVE',2,15),(1424,'A',41,'ACTIVE',2,15),(1425,'D',41,'ACTIVE',2,15),(1426,'F',41,'ACTIVE',2,15),(1427,'D',41,'ACTIVE',2,15),(1428,'D',41,'ACTIVE',2,15),(1429,'S',42,'ACTIVE',2,15),(1430,'A',42,'ACTIVE',2,15),(1431,'D',42,'ACTIVE',2,15),(1432,'F',42,'ACTIVE',2,15),(1433,'D',42,'ACTIVE',2,15),(1434,'D',42,'ACTIVE',2,15),(1435,'S',43,'ACTIVE',2,15),(1436,'A',43,'ACTIVE',2,15),(1437,'D',43,'ACTIVE',2,15),(1438,'F',43,'ACTIVE',2,15),(1439,'D',43,'ACTIVE',2,15),(1440,'D',43,'ACTIVE',2,15),(1441,'S',44,'ACTIVE',2,15),(1442,'A',44,'ACTIVE',2,15),(1443,'D',44,'ACTIVE',2,15),(1444,'F',44,'ACTIVE',2,15),(1445,'D',44,'ACTIVE',2,15),(1446,'D',44,'ACTIVE',2,15),(1447,'S',45,'ACTIVE',2,15),(1448,'A',45,'ACTIVE',2,15),(1449,'D',45,'ACTIVE',2,15),(1450,'F',45,'ACTIVE',2,15),(1451,'D',45,'ACTIVE',2,15),(1452,'D',45,'ACTIVE',2,15),(1453,'S',46,'ACTIVE',2,15),(1454,'A',46,'ACTIVE',2,15),(1455,'D',46,'ACTIVE',2,15),(1456,'F',46,'ACTIVE',2,15),(1457,'D',46,'ACTIVE',2,15),(1458,'D',46,'ACTIVE',2,15),(1459,'S',47,'ACTIVE',2,15),(1460,'A',47,'ACTIVE',2,15),(1461,'D',47,'ACTIVE',2,15),(1462,'F',47,'ACTIVE',2,15),(1463,'D',47,'ACTIVE',2,15),(1464,'D',47,'ACTIVE',2,15),(1465,'S',48,'ACTIVE',2,15),(1466,'A',48,'ACTIVE',2,15),(1467,'D',48,'ACTIVE',2,15),(1468,'F',48,'ACTIVE',2,15),(1469,'D',48,'ACTIVE',2,15),(1470,'D',48,'ACTIVE',2,15),(1471,'S',49,'ACTIVE',2,15),(1472,'A',49,'ACTIVE',2,15),(1473,'D',49,'ACTIVE',2,15),(1474,'F',49,'ACTIVE',2,15),(1475,'D',49,'ACTIVE',2,15),(1476,'D',49,'ACTIVE',2,15),(1477,'S',50,'ACTIVE',2,15),(1478,'A',50,'ACTIVE',2,15),(1479,'D',50,'ACTIVE',2,15),(1480,'F',50,'ACTIVE',2,15),(1481,'D',50,'ACTIVE',2,15),(1482,'D',50,'ACTIVE',2,15),(1483,'S',51,'ACTIVE',2,15),(1484,'A',51,'ACTIVE',2,15),(1485,'D',51,'ACTIVE',2,15),(1486,'F',51,'ACTIVE',2,15),(1487,'D',51,'ACTIVE',2,15),(1488,'D',51,'ACTIVE',2,15),(1489,'S',52,'ACTIVE',2,15),(1490,'A',52,'ACTIVE',2,15),(1491,'D',52,'ACTIVE',2,15),(1492,'F',52,'ACTIVE',2,15),(1493,'D',52,'ACTIVE',2,15),(1494,'D',52,'ACTIVE',2,15),(1495,'S',53,'ACTIVE',2,15),(1496,'A',53,'ACTIVE',2,15),(1497,'D',53,'ACTIVE',2,15),(1498,'F',53,'ACTIVE',2,15),(1499,'D',53,'ACTIVE',2,15),(1500,'D',53,'ACTIVE',2,15),(1501,'S',54,'ACTIVE',2,15),(1502,'A',54,'ACTIVE',2,15),(1503,'D',54,'ACTIVE',2,15),(1504,'F',54,'ACTIVE',2,15),(1505,'D',54,'ACTIVE',2,15),(1506,'D',54,'ACTIVE',2,15),(1507,'S',55,'ACTIVE',2,15),(1508,'A',55,'ACTIVE',2,15),(1509,'D',55,'ACTIVE',2,15),(1510,'F',55,'ACTIVE',2,15),(1511,'D',55,'ACTIVE',2,15),(1512,'D',55,'ACTIVE',2,15),(1513,'A',1,'ACTIVE',1,15),(1514,'E',1,'ACTIVE',1,15),(1515,'R',1,'ACTIVE',1,15),(1516,'F',1,'ACTIVE',1,15),(1517,'A',2,'ACTIVE',1,15),(1518,'E',2,'ACTIVE',1,15),(1519,'R',2,'ACTIVE',1,15),(1520,'F',2,'ACTIVE',1,15),(1521,'A',3,'ACTIVE',1,15),(1522,'E',3,'ACTIVE',1,15),(1523,'R',3,'ACTIVE',1,15),(1524,'F',3,'ACTIVE',1,15),(1525,'A',4,'ACTIVE',1,15),(1526,'E',4,'ACTIVE',1,15),(1527,'R',4,'ACTIVE',1,15),(1528,'F',4,'ACTIVE',1,15),(1529,'A',5,'ACTIVE',1,15),(1530,'E',5,'ACTIVE',1,15),(1531,'R',5,'ACTIVE',1,15),(1532,'F',5,'ACTIVE',1,15),(1593,'A',1,'ACTIVE',1,2),(1594,'B',1,'ACTIVE',1,2),(1595,'C',1,'ACTIVE',1,2),(1596,'D',1,'ACTIVE',1,2),(1597,'A',2,'ACTIVE',1,2),(1598,'B',2,'ACTIVE',1,2),(1599,'C',2,'ACTIVE',1,2),(1600,'D',2,'ACTIVE',1,2),(1601,'A',3,'ACTIVE',1,2),(1602,'B',3,'ACTIVE',1,2),(1603,'C',3,'ACTIVE',1,2),(1604,'D',3,'ACTIVE',1,2),(1605,'A',4,'ACTIVE',1,2),(1606,'B',4,'ACTIVE',1,2),(1607,'C',4,'ACTIVE',1,2),(1608,'D',4,'ACTIVE',1,2),(1609,'A',5,'ACTIVE',1,2),(1610,'B',5,'ACTIVE',1,2),(1611,'C',5,'ACTIVE',1,2),(1612,'D',5,'ACTIVE',1,2),(1653,'A',1,'ACTIVE',1,3),(1654,'B',1,'ACTIVE',1,3),(1655,'C',1,'ACTIVE',1,3),(1656,'D',1,'ACTIVE',1,3),(1657,'A',2,'ACTIVE',1,3),(1658,'B',2,'ACTIVE',1,3),(1659,'C',2,'ACTIVE',1,3),(1660,'D',2,'ACTIVE',1,3),(1661,'A',3,'ACTIVE',1,3),(1662,'B',3,'ACTIVE',1,3),(1663,'C',3,'ACTIVE',1,3),(1664,'D',3,'ACTIVE',1,3),(1665,'A',4,'ACTIVE',1,3),(1666,'B',4,'ACTIVE',1,3),(1667,'C',4,'ACTIVE',1,3),(1668,'D',4,'ACTIVE',1,3),(1669,'A',5,'ACTIVE',1,3),(1670,'B',5,'ACTIVE',1,3),(1671,'C',5,'ACTIVE',1,3),(1672,'D',5,'ACTIVE',1,3),(1993,'A',1,'ACTIVE',1,9),(1994,'B',1,'ACTIVE',1,9),(1995,'C',1,'ACTIVE',1,9),(1996,'D',1,'ACTIVE',1,9),(1997,'A',2,'ACTIVE',1,9),(1998,'B',2,'ACTIVE',1,9),(1999,'C',2,'ACTIVE',1,9),(2000,'D',2,'ACTIVE',1,9),(2001,'A',3,'ACTIVE',1,9),(2002,'B',3,'ACTIVE',1,9),(2003,'C',3,'ACTIVE',1,9),(2004,'D',3,'ACTIVE',1,9),(2005,'A',4,'ACTIVE',1,9),(2006,'B',4,'ACTIVE',1,9),(2007,'C',4,'ACTIVE',1,9),(2008,'D',4,'ACTIVE',1,9),(2009,'A',5,'ACTIVE',1,9),(2010,'B',5,'ACTIVE',1,9),(2011,'C',5,'ACTIVE',1,9),(2012,'D',5,'ACTIVE',1,9),(2073,'A',1,'ACTIVE',1,1),(2074,'B',1,'ACTIVE',1,1),(2075,'C',1,'ACTIVE',1,1),(2076,'D',1,'ACTIVE',1,1),(2077,'A',2,'ACTIVE',1,1),(2078,'B',2,'ACTIVE',1,1),(2079,'C',2,'ACTIVE',1,1),(2080,'D',2,'ACTIVE',1,1),(2081,'A',3,'ACTIVE',1,1),(2082,'B',3,'ACTIVE',1,1),(2083,'C',3,'ACTIVE',1,1),(2084,'D',3,'ACTIVE',1,1),(2085,'A',4,'ACTIVE',1,1),(2086,'B',4,'ACTIVE',1,1),(2087,'C',4,'ACTIVE',1,1),(2088,'D',4,'ACTIVE',1,1),(2089,'A',5,'ACTIVE',1,1),(2090,'B',5,'ACTIVE',1,1),(2091,'C',5,'ACTIVE',1,1),(2092,'D',5,'ACTIVE',1,1),(2093,'A',1,'ACTIVE',1,1),(2094,'B',1,'ACTIVE',1,1),(2095,'C',1,'ACTIVE',1,1),(2096,'D',1,'ACTIVE',1,1),(2097,'A',2,'ACTIVE',1,1),(2098,'B',2,'ACTIVE',1,1),(2099,'C',2,'ACTIVE',1,1),(2100,'D',2,'ACTIVE',1,1),(2101,'A',3,'ACTIVE',1,1),(2102,'B',3,'ACTIVE',1,1),(2103,'C',3,'ACTIVE',1,1),(2104,'D',3,'ACTIVE',1,1),(2105,'A',4,'ACTIVE',1,1),(2106,'B',4,'ACTIVE',1,1),(2107,'C',4,'ACTIVE',1,1),(2108,'D',4,'ACTIVE',1,1),(2109,'A',5,'ACTIVE',1,1),(2110,'B',5,'ACTIVE',1,1),(2111,'C',5,'ACTIVE',1,1),(2112,'D',5,'ACTIVE',1,1),(2113,'A',1,'ACTIVE',2,16),(2114,'B',1,'ACTIVE',2,16),(2115,'C',1,'ACTIVE',2,16),(2116,'D',1,'ACTIVE',2,16),(2117,'F',1,'ACTIVE',2,16),(2118,'G',1,'ACTIVE',2,16),(2119,'A',2,'ACTIVE',2,16),(2120,'B',2,'ACTIVE',2,16),(2121,'C',2,'ACTIVE',2,16),(2122,'D',2,'ACTIVE',2,16),(2123,'F',2,'ACTIVE',2,16),(2124,'G',2,'ACTIVE',2,16),(2125,'A',3,'ACTIVE',2,16),(2126,'B',3,'ACTIVE',2,16),(2127,'C',3,'ACTIVE',2,16),(2128,'D',3,'ACTIVE',2,16),(2129,'F',3,'ACTIVE',2,16),(2130,'G',3,'ACTIVE',2,16),(2131,'A',4,'ACTIVE',2,16),(2132,'B',4,'ACTIVE',2,16),(2133,'C',4,'ACTIVE',2,16),(2134,'D',4,'ACTIVE',2,16),(2135,'F',4,'ACTIVE',2,16),(2136,'G',4,'ACTIVE',2,16),(2137,'A',5,'ACTIVE',2,16),(2138,'B',5,'ACTIVE',2,16),(2139,'C',5,'ACTIVE',2,16),(2140,'D',5,'ACTIVE',2,16),(2141,'F',5,'ACTIVE',2,16),(2142,'G',5,'ACTIVE',2,16),(2143,'A',6,'ACTIVE',2,16),(2144,'B',6,'ACTIVE',2,16),(2145,'C',6,'ACTIVE',2,16),(2146,'D',6,'ACTIVE',2,16),(2147,'F',6,'ACTIVE',2,16),(2148,'G',6,'ACTIVE',2,16),(2149,'A',7,'ACTIVE',2,16),(2150,'B',7,'ACTIVE',2,16),(2151,'C',7,'ACTIVE',2,16),(2152,'D',7,'ACTIVE',2,16),(2153,'F',7,'ACTIVE',2,16),(2154,'G',7,'ACTIVE',2,16),(2155,'A',8,'ACTIVE',2,16),(2156,'B',8,'ACTIVE',2,16),(2157,'C',8,'ACTIVE',2,16),(2158,'D',8,'ACTIVE',2,16),(2159,'F',8,'ACTIVE',2,16),(2160,'G',8,'ACTIVE',2,16),(2161,'A',9,'ACTIVE',2,16),(2162,'B',9,'ACTIVE',2,16),(2163,'C',9,'ACTIVE',2,16),(2164,'D',9,'ACTIVE',2,16),(2165,'F',9,'ACTIVE',2,16),(2166,'G',9,'ACTIVE',2,16),(2167,'A',10,'ACTIVE',2,16),(2168,'B',10,'ACTIVE',2,16),(2169,'C',10,'ACTIVE',2,16),(2170,'D',10,'ACTIVE',2,16),(2171,'F',10,'ACTIVE',2,16),(2172,'G',10,'ACTIVE',2,16),(2173,'A',11,'ACTIVE',2,16),(2174,'B',11,'ACTIVE',2,16),(2175,'C',11,'ACTIVE',2,16),(2176,'D',11,'ACTIVE',2,16),(2177,'F',11,'ACTIVE',2,16),(2178,'G',11,'ACTIVE',2,16),(2179,'A',12,'ACTIVE',2,16),(2180,'B',12,'ACTIVE',2,16),(2181,'C',12,'ACTIVE',2,16),(2182,'D',12,'ACTIVE',2,16),(2183,'F',12,'ACTIVE',2,16),(2184,'G',12,'ACTIVE',2,16),(2185,'A',13,'ACTIVE',2,16),(2186,'B',13,'ACTIVE',2,16),(2187,'C',13,'ACTIVE',2,16),(2188,'D',13,'ACTIVE',2,16),(2189,'F',13,'ACTIVE',2,16),(2190,'G',13,'ACTIVE',2,16),(2191,'A',14,'ACTIVE',2,16),(2192,'B',14,'ACTIVE',2,16),(2193,'C',14,'ACTIVE',2,16),(2194,'D',14,'ACTIVE',2,16),(2195,'F',14,'ACTIVE',2,16),(2196,'G',14,'ACTIVE',2,16),(2197,'A',15,'ACTIVE',2,16),(2198,'B',15,'ACTIVE',2,16),(2199,'C',15,'ACTIVE',2,16),(2200,'D',15,'ACTIVE',2,16),(2201,'F',15,'ACTIVE',2,16),(2202,'G',15,'ACTIVE',2,16),(2203,'A',16,'ACTIVE',2,16),(2204,'B',16,'ACTIVE',2,16),(2205,'C',16,'ACTIVE',2,16),(2206,'D',16,'ACTIVE',2,16),(2207,'F',16,'ACTIVE',2,16),(2208,'G',16,'ACTIVE',2,16),(2209,'A',17,'ACTIVE',2,16),(2210,'B',17,'ACTIVE',2,16),(2211,'C',17,'ACTIVE',2,16),(2212,'D',17,'ACTIVE',2,16),(2213,'F',17,'ACTIVE',2,16),(2214,'G',17,'ACTIVE',2,16),(2215,'A',18,'ACTIVE',2,16),(2216,'B',18,'ACTIVE',2,16),(2217,'C',18,'ACTIVE',2,16),(2218,'D',18,'ACTIVE',2,16),(2219,'F',18,'ACTIVE',2,16),(2220,'G',18,'ACTIVE',2,16),(2221,'A',19,'ACTIVE',2,16),(2222,'B',19,'ACTIVE',2,16),(2223,'C',19,'ACTIVE',2,16),(2224,'D',19,'ACTIVE',2,16),(2225,'F',19,'ACTIVE',2,16),(2226,'G',19,'ACTIVE',2,16),(2227,'A',20,'ACTIVE',2,16),(2228,'B',20,'ACTIVE',2,16),(2229,'C',20,'ACTIVE',2,16),(2230,'D',20,'ACTIVE',2,16),(2231,'F',20,'ACTIVE',2,16),(2232,'G',20,'ACTIVE',2,16),(2233,'A',21,'ACTIVE',2,16),(2234,'B',21,'ACTIVE',2,16),(2235,'C',21,'ACTIVE',2,16),(2236,'D',21,'ACTIVE',2,16),(2237,'F',21,'ACTIVE',2,16),(2238,'G',21,'ACTIVE',2,16),(2239,'A',22,'ACTIVE',2,16),(2240,'B',22,'ACTIVE',2,16),(2241,'C',22,'ACTIVE',2,16),(2242,'D',22,'ACTIVE',2,16),(2243,'F',22,'ACTIVE',2,16),(2244,'G',22,'ACTIVE',2,16),(2245,'A',23,'ACTIVE',2,16),(2246,'B',23,'ACTIVE',2,16),(2247,'C',23,'ACTIVE',2,16),(2248,'D',23,'ACTIVE',2,16),(2249,'F',23,'ACTIVE',2,16),(2250,'G',23,'ACTIVE',2,16),(2251,'A',24,'ACTIVE',2,16),(2252,'B',24,'ACTIVE',2,16),(2253,'C',24,'ACTIVE',2,16),(2254,'D',24,'ACTIVE',2,16),(2255,'F',24,'ACTIVE',2,16),(2256,'G',24,'ACTIVE',2,16),(2257,'A',25,'ACTIVE',2,16),(2258,'B',25,'ACTIVE',2,16),(2259,'C',25,'ACTIVE',2,16),(2260,'D',25,'ACTIVE',2,16),(2261,'F',25,'ACTIVE',2,16),(2262,'G',25,'ACTIVE',2,16),(2263,'A',26,'ACTIVE',2,16),(2264,'B',26,'ACTIVE',2,16),(2265,'C',26,'ACTIVE',2,16),(2266,'D',26,'ACTIVE',2,16),(2267,'F',26,'ACTIVE',2,16),(2268,'G',26,'ACTIVE',2,16),(2269,'A',27,'ACTIVE',2,16),(2270,'B',27,'ACTIVE',2,16),(2271,'C',27,'ACTIVE',2,16),(2272,'D',27,'ACTIVE',2,16),(2273,'F',27,'ACTIVE',2,16),(2274,'G',27,'ACTIVE',2,16),(2275,'A',28,'ACTIVE',2,16),(2276,'B',28,'ACTIVE',2,16),(2277,'C',28,'ACTIVE',2,16),(2278,'D',28,'ACTIVE',2,16),(2279,'F',28,'ACTIVE',2,16),(2280,'G',28,'ACTIVE',2,16),(2281,'A',29,'ACTIVE',2,16),(2282,'B',29,'ACTIVE',2,16),(2283,'C',29,'ACTIVE',2,16),(2284,'D',29,'ACTIVE',2,16),(2285,'F',29,'ACTIVE',2,16),(2286,'G',29,'ACTIVE',2,16),(2287,'A',30,'ACTIVE',2,16),(2288,'B',30,'ACTIVE',2,16),(2289,'C',30,'ACTIVE',2,16),(2290,'D',30,'ACTIVE',2,16),(2291,'F',30,'ACTIVE',2,16),(2292,'G',30,'ACTIVE',2,16),(2293,'A',31,'ACTIVE',2,16),(2294,'B',31,'ACTIVE',2,16),(2295,'C',31,'ACTIVE',2,16),(2296,'D',31,'ACTIVE',2,16),(2297,'F',31,'ACTIVE',2,16),(2298,'G',31,'ACTIVE',2,16),(2299,'A',32,'ACTIVE',2,16),(2300,'B',32,'ACTIVE',2,16),(2301,'C',32,'ACTIVE',2,16),(2302,'D',32,'ACTIVE',2,16),(2303,'F',32,'ACTIVE',2,16),(2304,'G',32,'ACTIVE',2,16),(2305,'A',33,'ACTIVE',2,16),(2306,'B',33,'ACTIVE',2,16),(2307,'C',33,'ACTIVE',2,16),(2308,'D',33,'ACTIVE',2,16),(2309,'F',33,'ACTIVE',2,16),(2310,'G',33,'ACTIVE',2,16),(2311,'A',34,'ACTIVE',2,16),(2312,'B',34,'ACTIVE',2,16),(2313,'C',34,'ACTIVE',2,16),(2314,'D',34,'ACTIVE',2,16),(2315,'F',34,'ACTIVE',2,16),(2316,'G',34,'ACTIVE',2,16),(2317,'A',1,'ACTIVE',1,16),(2318,'B',1,'ACTIVE',1,16),(2319,'C',1,'ACTIVE',1,16),(2320,'D',1,'ACTIVE',1,16),(2321,'A',2,'ACTIVE',1,16),(2322,'B',2,'ACTIVE',1,16),(2323,'C',2,'ACTIVE',1,16),(2324,'D',2,'ACTIVE',1,16),(2325,'A',3,'ACTIVE',1,16),(2326,'B',3,'ACTIVE',1,16),(2327,'C',3,'ACTIVE',1,16),(2328,'D',3,'ACTIVE',1,16),(2329,'A',4,'ACTIVE',1,16),(2330,'B',4,'ACTIVE',1,16),(2331,'C',4,'ACTIVE',1,16),(2332,'D',4,'ACTIVE',1,16),(2333,'A',5,'ACTIVE',1,16),(2334,'B',5,'ACTIVE',1,16),(2335,'C',5,'ACTIVE',1,16),(2336,'D',5,'ACTIVE',1,16),(2337,'A',1,'ACTIVE',2,17),(2338,'B',1,'ACTIVE',2,17),(2339,'C',1,'ACTIVE',2,17),(2340,'D',1,'ACTIVE',2,17),(2341,'F',1,'ACTIVE',2,17),(2342,'G',1,'ACTIVE',2,17),(2343,'A',2,'ACTIVE',2,17),(2344,'B',2,'ACTIVE',2,17),(2345,'C',2,'ACTIVE',2,17),(2346,'D',2,'ACTIVE',2,17),(2347,'F',2,'ACTIVE',2,17),(2348,'G',2,'ACTIVE',2,17),(2349,'A',3,'ACTIVE',2,17),(2350,'B',3,'ACTIVE',2,17),(2351,'C',3,'ACTIVE',2,17),(2352,'D',3,'ACTIVE',2,17),(2353,'F',3,'ACTIVE',2,17),(2354,'G',3,'ACTIVE',2,17),(2355,'A',4,'ACTIVE',2,17),(2356,'B',4,'ACTIVE',2,17),(2357,'C',4,'ACTIVE',2,17),(2358,'D',4,'ACTIVE',2,17),(2359,'F',4,'ACTIVE',2,17),(2360,'G',4,'ACTIVE',2,17),(2361,'A',5,'ACTIVE',2,17),(2362,'B',5,'ACTIVE',2,17),(2363,'C',5,'ACTIVE',2,17),(2364,'D',5,'ACTIVE',2,17),(2365,'F',5,'ACTIVE',2,17),(2366,'G',5,'ACTIVE',2,17),(2367,'A',6,'ACTIVE',2,17),(2368,'B',6,'ACTIVE',2,17),(2369,'C',6,'ACTIVE',2,17),(2370,'D',6,'ACTIVE',2,17),(2371,'F',6,'ACTIVE',2,17),(2372,'G',6,'ACTIVE',2,17),(2373,'A',7,'ACTIVE',2,17),(2374,'B',7,'ACTIVE',2,17),(2375,'C',7,'ACTIVE',2,17),(2376,'D',7,'ACTIVE',2,17),(2377,'F',7,'ACTIVE',2,17),(2378,'G',7,'ACTIVE',2,17),(2379,'A',8,'ACTIVE',2,17),(2380,'B',8,'ACTIVE',2,17),(2381,'C',8,'ACTIVE',2,17),(2382,'D',8,'ACTIVE',2,17),(2383,'F',8,'ACTIVE',2,17),(2384,'G',8,'ACTIVE',2,17),(2385,'A',9,'ACTIVE',2,17),(2386,'B',9,'ACTIVE',2,17),(2387,'C',9,'ACTIVE',2,17),(2388,'D',9,'ACTIVE',2,17),(2389,'F',9,'ACTIVE',2,17),(2390,'G',9,'ACTIVE',2,17),(2391,'A',10,'ACTIVE',2,17),(2392,'B',10,'ACTIVE',2,17),(2393,'C',10,'ACTIVE',2,17),(2394,'D',10,'ACTIVE',2,17),(2395,'F',10,'ACTIVE',2,17),(2396,'G',10,'ACTIVE',2,17),(2397,'A',11,'ACTIVE',2,17),(2398,'B',11,'ACTIVE',2,17),(2399,'C',11,'ACTIVE',2,17),(2400,'D',11,'ACTIVE',2,17),(2401,'F',11,'ACTIVE',2,17),(2402,'G',11,'ACTIVE',2,17),(2403,'A',12,'ACTIVE',2,17),(2404,'B',12,'ACTIVE',2,17),(2405,'C',12,'ACTIVE',2,17),(2406,'D',12,'ACTIVE',2,17),(2407,'F',12,'ACTIVE',2,17),(2408,'G',12,'ACTIVE',2,17),(2409,'A',13,'ACTIVE',2,17),(2410,'B',13,'ACTIVE',2,17),(2411,'C',13,'ACTIVE',2,17),(2412,'D',13,'ACTIVE',2,17),(2413,'F',13,'ACTIVE',2,17),(2414,'G',13,'ACTIVE',2,17),(2415,'A',14,'ACTIVE',2,17),(2416,'B',14,'ACTIVE',2,17),(2417,'C',14,'ACTIVE',2,17),(2418,'D',14,'ACTIVE',2,17),(2419,'F',14,'ACTIVE',2,17),(2420,'G',14,'ACTIVE',2,17),(2421,'A',15,'ACTIVE',2,17),(2422,'B',15,'ACTIVE',2,17),(2423,'C',15,'ACTIVE',2,17),(2424,'D',15,'ACTIVE',2,17),(2425,'F',15,'ACTIVE',2,17),(2426,'G',15,'ACTIVE',2,17),(2427,'A',16,'ACTIVE',2,17),(2428,'B',16,'ACTIVE',2,17),(2429,'C',16,'ACTIVE',2,17),(2430,'D',16,'ACTIVE',2,17),(2431,'F',16,'ACTIVE',2,17),(2432,'G',16,'ACTIVE',2,17),(2433,'A',17,'ACTIVE',2,17),(2434,'B',17,'ACTIVE',2,17),(2435,'C',17,'ACTIVE',2,17),(2436,'D',17,'ACTIVE',2,17),(2437,'F',17,'ACTIVE',2,17),(2438,'G',17,'ACTIVE',2,17),(2439,'A',18,'ACTIVE',2,17),(2440,'B',18,'ACTIVE',2,17),(2441,'C',18,'ACTIVE',2,17),(2442,'D',18,'ACTIVE',2,17),(2443,'F',18,'ACTIVE',2,17),(2444,'G',18,'ACTIVE',2,17),(2445,'A',19,'ACTIVE',2,17),(2446,'B',19,'ACTIVE',2,17),(2447,'C',19,'ACTIVE',2,17),(2448,'D',19,'ACTIVE',2,17),(2449,'F',19,'ACTIVE',2,17),(2450,'G',19,'ACTIVE',2,17),(2451,'A',20,'ACTIVE',2,17),(2452,'B',20,'ACTIVE',2,17),(2453,'C',20,'ACTIVE',2,17),(2454,'D',20,'ACTIVE',2,17),(2455,'F',20,'ACTIVE',2,17),(2456,'G',20,'ACTIVE',2,17),(2457,'A',21,'ACTIVE',2,17),(2458,'B',21,'ACTIVE',2,17),(2459,'C',21,'ACTIVE',2,17),(2460,'D',21,'ACTIVE',2,17),(2461,'F',21,'ACTIVE',2,17),(2462,'G',21,'ACTIVE',2,17),(2463,'A',22,'ACTIVE',2,17),(2464,'B',22,'ACTIVE',2,17),(2465,'C',22,'ACTIVE',2,17),(2466,'D',22,'ACTIVE',2,17),(2467,'F',22,'ACTIVE',2,17),(2468,'G',22,'ACTIVE',2,17),(2469,'A',23,'ACTIVE',2,17),(2470,'B',23,'ACTIVE',2,17),(2471,'C',23,'ACTIVE',2,17),(2472,'D',23,'ACTIVE',2,17),(2473,'F',23,'ACTIVE',2,17),(2474,'G',23,'ACTIVE',2,17),(2475,'A',24,'ACTIVE',2,17),(2476,'B',24,'ACTIVE',2,17),(2477,'C',24,'ACTIVE',2,17),(2478,'D',24,'ACTIVE',2,17),(2479,'F',24,'ACTIVE',2,17),(2480,'G',24,'ACTIVE',2,17),(2481,'A',25,'ACTIVE',2,17),(2482,'B',25,'ACTIVE',2,17),(2483,'C',25,'ACTIVE',2,17),(2484,'D',25,'ACTIVE',2,17),(2485,'F',25,'ACTIVE',2,17),(2486,'G',25,'ACTIVE',2,17),(2487,'A',26,'ACTIVE',2,17),(2488,'B',26,'ACTIVE',2,17),(2489,'C',26,'ACTIVE',2,17),(2490,'D',26,'ACTIVE',2,17),(2491,'F',26,'ACTIVE',2,17),(2492,'G',26,'ACTIVE',2,17),(2493,'A',27,'ACTIVE',2,17),(2494,'B',27,'ACTIVE',2,17),(2495,'C',27,'ACTIVE',2,17),(2496,'D',27,'ACTIVE',2,17),(2497,'F',27,'ACTIVE',2,17),(2498,'G',27,'ACTIVE',2,17),(2499,'A',28,'ACTIVE',2,17),(2500,'B',28,'ACTIVE',2,17),(2501,'C',28,'ACTIVE',2,17),(2502,'D',28,'ACTIVE',2,17),(2503,'F',28,'ACTIVE',2,17),(2504,'G',28,'ACTIVE',2,17),(2505,'A',29,'ACTIVE',2,17),(2506,'B',29,'ACTIVE',2,17),(2507,'C',29,'ACTIVE',2,17),(2508,'D',29,'ACTIVE',2,17),(2509,'F',29,'ACTIVE',2,17),(2510,'G',29,'ACTIVE',2,17),(2511,'A',30,'ACTIVE',2,17),(2512,'B',30,'ACTIVE',2,17),(2513,'C',30,'ACTIVE',2,17),(2514,'D',30,'ACTIVE',2,17),(2515,'F',30,'ACTIVE',2,17),(2516,'G',30,'ACTIVE',2,17),(2517,'A',31,'ACTIVE',2,17),(2518,'B',31,'ACTIVE',2,17),(2519,'C',31,'ACTIVE',2,17),(2520,'D',31,'ACTIVE',2,17),(2521,'F',31,'ACTIVE',2,17),(2522,'G',31,'ACTIVE',2,17),(2523,'A',32,'ACTIVE',2,17),(2524,'B',32,'ACTIVE',2,17),(2525,'C',32,'ACTIVE',2,17),(2526,'D',32,'ACTIVE',2,17),(2527,'F',32,'ACTIVE',2,17),(2528,'G',32,'ACTIVE',2,17),(2529,'A',33,'ACTIVE',2,17),(2530,'B',33,'ACTIVE',2,17),(2531,'C',33,'ACTIVE',2,17),(2532,'D',33,'ACTIVE',2,17),(2533,'F',33,'ACTIVE',2,17),(2534,'G',33,'ACTIVE',2,17),(2535,'A',34,'ACTIVE',2,17),(2536,'B',34,'ACTIVE',2,17),(2537,'C',34,'ACTIVE',2,17),(2538,'D',34,'ACTIVE',2,17),(2539,'F',34,'ACTIVE',2,17),(2540,'G',34,'ACTIVE',2,17),(2541,'A',1,'ACTIVE',1,17),(2542,'B',1,'ACTIVE',1,17),(2543,'C',1,'ACTIVE',1,17),(2544,'D',1,'ACTIVE',1,17),(2545,'A',2,'ACTIVE',1,17),(2546,'B',2,'ACTIVE',1,17),(2547,'C',2,'ACTIVE',1,17),(2548,'D',2,'ACTIVE',1,17),(2549,'A',3,'ACTIVE',1,17),(2550,'B',3,'ACTIVE',1,17),(2551,'C',3,'ACTIVE',1,17),(2552,'D',3,'ACTIVE',1,17),(2553,'A',4,'ACTIVE',1,17),(2554,'B',4,'ACTIVE',1,17),(2555,'C',4,'ACTIVE',1,17),(2556,'D',4,'ACTIVE',1,17),(2557,'A',5,'ACTIVE',1,17),(2558,'B',5,'ACTIVE',1,17),(2559,'C',5,'ACTIVE',1,17),(2560,'D',5,'ACTIVE',1,17),(2561,'A',6,'ACTIVE',1,17),(2562,'B',6,'ACTIVE',1,17),(2563,'C',6,'ACTIVE',1,17),(2564,'D',6,'ACTIVE',1,17),(2565,'A',7,'ACTIVE',1,17),(2566,'B',7,'ACTIVE',1,17),(2567,'C',7,'ACTIVE',1,17),(2568,'D',7,'ACTIVE',1,17),(2569,'A',8,'ACTIVE',1,17),(2570,'B',8,'ACTIVE',1,17),(2571,'C',8,'ACTIVE',1,17),(2572,'D',8,'ACTIVE',1,17),(2573,'A',9,'ACTIVE',1,17),(2574,'B',9,'ACTIVE',1,17),(2575,'C',9,'ACTIVE',1,17),(2576,'D',9,'ACTIVE',1,17),(2577,'A',10,'ACTIVE',1,17),(2578,'B',10,'ACTIVE',1,17),(2579,'C',10,'ACTIVE',1,17),(2580,'D',10,'ACTIVE',1,17),(2581,'A',11,'ACTIVE',1,17),(2582,'B',11,'ACTIVE',1,17),(2583,'C',11,'ACTIVE',1,17),(2584,'D',11,'ACTIVE',1,17),(2585,'A',12,'ACTIVE',1,17),(2586,'B',12,'ACTIVE',1,17),(2587,'C',12,'ACTIVE',1,17),(2588,'D',12,'ACTIVE',1,17),(2589,'A',13,'ACTIVE',1,17),(2590,'B',13,'ACTIVE',1,17),(2591,'C',13,'ACTIVE',1,17),(2592,'D',13,'ACTIVE',1,17),(2593,'A',14,'ACTIVE',1,17),(2594,'B',14,'ACTIVE',1,17),(2595,'C',14,'ACTIVE',1,17),(2596,'D',14,'ACTIVE',1,17),(2597,'A',15,'ACTIVE',1,17),(2598,'B',15,'ACTIVE',1,17),(2599,'C',15,'ACTIVE',1,17),(2600,'D',15,'ACTIVE',1,17),(2601,'A',16,'ACTIVE',1,17),(2602,'B',16,'ACTIVE',1,17),(2603,'C',16,'ACTIVE',1,17),(2604,'D',16,'ACTIVE',1,17),(2605,'A',17,'ACTIVE',1,17),(2606,'B',17,'ACTIVE',1,17),(2607,'C',17,'ACTIVE',1,17),(2608,'D',17,'ACTIVE',1,17),(2609,'A',18,'ACTIVE',1,17),(2610,'B',18,'ACTIVE',1,17),(2611,'C',18,'ACTIVE',1,17),(2612,'D',18,'ACTIVE',1,17),(2613,'A',19,'ACTIVE',1,17),(2614,'B',19,'ACTIVE',1,17),(2615,'C',19,'ACTIVE',1,17),(2616,'D',19,'ACTIVE',1,17),(2617,'A',20,'ACTIVE',1,17),(2618,'B',20,'ACTIVE',1,17),(2619,'C',20,'ACTIVE',1,17),(2620,'D',20,'ACTIVE',1,17),(2621,'A',21,'ACTIVE',1,17),(2622,'B',21,'ACTIVE',1,17),(2623,'C',21,'ACTIVE',1,17),(2624,'D',21,'ACTIVE',1,17),(2625,'A',22,'ACTIVE',1,17),(2626,'B',22,'ACTIVE',1,17),(2627,'C',22,'ACTIVE',1,17),(2628,'D',22,'ACTIVE',1,17),(2629,'A',23,'ACTIVE',1,17),(2630,'B',23,'ACTIVE',1,17),(2631,'C',23,'ACTIVE',1,17),(2632,'D',23,'ACTIVE',1,17),(2633,'A',24,'ACTIVE',1,17),(2634,'B',24,'ACTIVE',1,17),(2635,'C',24,'ACTIVE',1,17),(2636,'D',24,'ACTIVE',1,17),(2637,'A',25,'ACTIVE',1,17),(2638,'B',25,'ACTIVE',1,17),(2639,'C',25,'ACTIVE',1,17),(2640,'D',25,'ACTIVE',1,17),(2641,'A',26,'ACTIVE',1,17),(2642,'B',26,'ACTIVE',1,17),(2643,'C',26,'ACTIVE',1,17),(2644,'D',26,'ACTIVE',1,17),(2645,'A',27,'ACTIVE',1,17),(2646,'B',27,'ACTIVE',1,17),(2647,'C',27,'ACTIVE',1,17),(2648,'D',27,'ACTIVE',1,17),(2649,'A',28,'ACTIVE',1,17),(2650,'B',28,'ACTIVE',1,17),(2651,'C',28,'ACTIVE',1,17),(2652,'D',28,'ACTIVE',1,17),(2653,'A',29,'ACTIVE',1,17),(2654,'B',29,'ACTIVE',1,17),(2655,'C',29,'ACTIVE',1,17),(2656,'D',29,'ACTIVE',1,17),(2657,'A',30,'ACTIVE',1,17),(2658,'B',30,'ACTIVE',1,17),(2659,'C',30,'ACTIVE',1,17),(2660,'D',30,'ACTIVE',1,17),(2661,'A',31,'ACTIVE',1,17),(2662,'B',31,'ACTIVE',1,17),(2663,'C',31,'ACTIVE',1,17),(2664,'D',31,'ACTIVE',1,17),(2665,'A',32,'ACTIVE',1,17),(2666,'B',32,'ACTIVE',1,17),(2667,'C',32,'ACTIVE',1,17),(2668,'D',32,'ACTIVE',1,17),(2669,'A',33,'ACTIVE',1,17),(2670,'B',33,'ACTIVE',1,17),(2671,'C',33,'ACTIVE',1,17),(2672,'D',33,'ACTIVE',1,17),(2673,'A',1,'ACTIVE',2,18),(2674,'B',1,'ACTIVE',2,18),(2675,'C',1,'ACTIVE',2,18),(2676,'D',1,'ACTIVE',2,18),(2677,'E',1,'ACTIVE',2,18),(2678,'F',1,'ACTIVE',2,18),(2679,'A',2,'ACTIVE',2,18),(2680,'B',2,'ACTIVE',2,18),(2681,'C',2,'ACTIVE',2,18),(2682,'D',2,'ACTIVE',2,18),(2683,'E',2,'ACTIVE',2,18),(2684,'F',2,'ACTIVE',2,18),(2685,'A',3,'ACTIVE',2,18),(2686,'B',3,'ACTIVE',2,18),(2687,'C',3,'ACTIVE',2,18),(2688,'D',3,'ACTIVE',2,18),(2689,'E',3,'ACTIVE',2,18),(2690,'F',3,'ACTIVE',2,18),(2691,'A',4,'ACTIVE',2,18),(2692,'B',4,'ACTIVE',2,18),(2693,'C',4,'ACTIVE',2,18),(2694,'D',4,'ACTIVE',2,18),(2695,'E',4,'ACTIVE',2,18),(2696,'F',4,'ACTIVE',2,18),(2697,'A',5,'ACTIVE',2,18),(2698,'B',5,'ACTIVE',2,18),(2699,'C',5,'ACTIVE',2,18),(2700,'D',5,'ACTIVE',2,18),(2701,'E',5,'ACTIVE',2,18),(2702,'F',5,'ACTIVE',2,18),(2703,'A',6,'ACTIVE',2,18),(2704,'B',6,'ACTIVE',2,18),(2705,'C',6,'ACTIVE',2,18),(2706,'D',6,'ACTIVE',2,18),(2707,'E',6,'ACTIVE',2,18),(2708,'F',6,'ACTIVE',2,18),(2709,'A',7,'ACTIVE',2,18),(2710,'B',7,'ACTIVE',2,18),(2711,'C',7,'ACTIVE',2,18),(2712,'D',7,'ACTIVE',2,18),(2713,'E',7,'ACTIVE',2,18),(2714,'F',7,'ACTIVE',2,18),(2715,'A',8,'ACTIVE',2,18),(2716,'B',8,'ACTIVE',2,18),(2717,'C',8,'ACTIVE',2,18),(2718,'D',8,'ACTIVE',2,18),(2719,'E',8,'ACTIVE',2,18),(2720,'F',8,'ACTIVE',2,18),(2721,'A',9,'ACTIVE',2,18),(2722,'B',9,'ACTIVE',2,18),(2723,'C',9,'ACTIVE',2,18),(2724,'D',9,'ACTIVE',2,18),(2725,'E',9,'ACTIVE',2,18),(2726,'F',9,'ACTIVE',2,18),(2727,'A',10,'ACTIVE',2,18),(2728,'B',10,'ACTIVE',2,18),(2729,'C',10,'ACTIVE',2,18),(2730,'D',10,'ACTIVE',2,18),(2731,'E',10,'ACTIVE',2,18),(2732,'F',10,'ACTIVE',2,18),(2733,'K',1,'ACTIVE',1,18),(2734,'L',1,'ACTIVE',1,18),(2735,'M',1,'ACTIVE',1,18),(2736,'N',1,'ACTIVE',1,18),(2737,'O',1,'ACTIVE',1,18),(2738,'P',1,'ACTIVE',1,18),(2739,'K',2,'ACTIVE',1,18),(2740,'L',2,'ACTIVE',1,18),(2741,'M',2,'ACTIVE',1,18),(2742,'N',2,'ACTIVE',1,18),(2743,'O',2,'ACTIVE',1,18),(2744,'P',2,'ACTIVE',1,18),(2745,'K',3,'ACTIVE',1,18),(2746,'L',3,'ACTIVE',1,18),(2747,'M',3,'ACTIVE',1,18),(2748,'N',3,'ACTIVE',1,18),(2749,'O',3,'ACTIVE',1,18),(2750,'P',3,'ACTIVE',1,18),(2751,'K',4,'ACTIVE',1,18),(2752,'L',4,'ACTIVE',1,18),(2753,'M',4,'ACTIVE',1,18),(2754,'N',4,'ACTIVE',1,18),(2755,'O',4,'ACTIVE',1,18),(2756,'P',4,'ACTIVE',1,18),(2757,'K',5,'ACTIVE',1,18),(2758,'L',5,'ACTIVE',1,18),(2759,'M',5,'ACTIVE',1,18),(2760,'N',5,'ACTIVE',1,18),(2761,'O',5,'ACTIVE',1,18),(2762,'P',5,'ACTIVE',1,18),(2763,'K',6,'ACTIVE',1,18),(2764,'L',6,'ACTIVE',1,18),(2765,'M',6,'ACTIVE',1,18),(2766,'N',6,'ACTIVE',1,18),(2767,'O',6,'ACTIVE',1,18),(2768,'P',6,'ACTIVE',1,18),(2769,'K',7,'ACTIVE',1,18),(2770,'L',7,'ACTIVE',1,18),(2771,'M',7,'ACTIVE',1,18),(2772,'N',7,'ACTIVE',1,18),(2773,'O',7,'ACTIVE',1,18),(2774,'P',7,'ACTIVE',1,18),(2775,'K',8,'ACTIVE',1,18),(2776,'L',8,'ACTIVE',1,18),(2777,'M',8,'ACTIVE',1,18),(2778,'N',8,'ACTIVE',1,18),(2779,'O',8,'ACTIVE',1,18),(2780,'P',8,'ACTIVE',1,18),(2781,'K',9,'ACTIVE',1,18),(2782,'L',9,'ACTIVE',1,18),(2783,'M',9,'ACTIVE',1,18),(2784,'N',9,'ACTIVE',1,18),(2785,'O',9,'ACTIVE',1,18),(2786,'P',9,'ACTIVE',1,18),(2787,'K',10,'ACTIVE',1,18),(2788,'L',10,'ACTIVE',1,18),(2789,'M',10,'ACTIVE',1,18),(2790,'N',10,'ACTIVE',1,18),(2791,'O',10,'ACTIVE',1,18),(2792,'P',10,'ACTIVE',1,18),(2793,'A',1,'ACTIVE',2,19),(2794,'B',1,'ACTIVE',2,19),(2795,'C',1,'ACTIVE',2,19),(2796,'D',1,'ACTIVE',2,19),(2797,'E',1,'ACTIVE',2,19),(2798,'F',1,'ACTIVE',2,19),(2799,'A',2,'ACTIVE',2,19),(2800,'B',2,'ACTIVE',2,19),(2801,'C',2,'ACTIVE',2,19),(2802,'D',2,'ACTIVE',2,19),(2803,'E',2,'ACTIVE',2,19),(2804,'F',2,'ACTIVE',2,19),(2805,'A',3,'ACTIVE',2,19),(2806,'B',3,'ACTIVE',2,19),(2807,'C',3,'ACTIVE',2,19),(2808,'D',3,'ACTIVE',2,19),(2809,'E',3,'ACTIVE',2,19),(2810,'F',3,'ACTIVE',2,19),(2811,'A',4,'ACTIVE',2,19),(2812,'B',4,'ACTIVE',2,19),(2813,'C',4,'ACTIVE',2,19),(2814,'D',4,'ACTIVE',2,19),(2815,'E',4,'ACTIVE',2,19),(2816,'F',4,'ACTIVE',2,19),(2817,'G',1,'ACTIVE',1,19),(2818,'H',1,'ACTIVE',1,19),(2819,'J',1,'ACTIVE',1,19),(2820,'K',1,'ACTIVE',1,19);
/*!40000 ALTER TABLE `chongoi` ENABLE KEYS */;
UNLOCK TABLES;

--
-- Table structure for table `chucnang`
--

DROP TABLE IF EXISTS `chucnang`;
/*!40101 SET @saved_cs_client     = @@character_set_client */;
/*!50503 SET character_set_client = utf8mb4 */;
CREATE TABLE `chucnang` (
  `id_chuc_nang` int NOT NULL AUTO_INCREMENT,
  `ten_chuc_nang` varchar(255) CHARACTER SET utf8mb4 COLLATE utf8mb4_general_ci DEFAULT NULL,
  PRIMARY KEY (`id_chuc_nang`)
) ENGINE=InnoDB AUTO_INCREMENT=17 DEFAULT CHARSET=utf8mb4 COLLATE=utf8mb4_general_ci;
/*!40101 SET character_set_client = @saved_cs_client */;

--
-- Dumping data for table `chucnang`
--

LOCK TABLES `chucnang` WRITE;
/*!40000 ALTER TABLE `chucnang` DISABLE KEYS */;
INSERT INTO `chucnang` VALUES (1,'Qun l ti khon'),(2,'Qun l khch hng'),(3,'Qun l nhn vin'),(4,'Qun l my bay'),(5,'Qun l nhm quyn'),(6,'Qun l sn bay'),(7,'Qun l chuyn bay'),(8,'Qun l ho n'),(9,'Qun l hng ho'),(10,'Qun l chc v'),(11,'Qun l nh gi'),(12,'Qun l v'),(13,'Qun l tuyn bay'),(14,'Qun l PTTT'),(15,'Qun l loi ho n'),(16,'Qun l thng k');
/*!40000 ALTER TABLE `chucnang` ENABLE KEYS */;
UNLOCK TABLES;

--
-- Table structure for table `chucvu`
--

DROP TABLE IF EXISTS `chucvu`;
/*!40101 SET @saved_cs_client     = @@character_set_client */;
/*!50503 SET character_set_client = utf8mb4 */;
CREATE TABLE `chucvu` (
  `id_chuc_vu` int NOT NULL AUTO_INCREMENT,
  `mota` varchar(255) CHARACTER SET utf8mb4 COLLATE utf8mb4_general_ci NOT NULL,
  `ten` varchar(255) CHARACTER SET utf8mb4 COLLATE utf8mb4_general_ci NOT NULL,
  `active_status` enum('ACTIVE','IN_ACTIVE') CHARACTER SET utf8mb4 COLLATE utf8mb4_general_ci DEFAULT NULL,
  PRIMARY KEY (`id_chuc_vu`)
) ENGINE=InnoDB AUTO_INCREMENT=6 DEFAULT CHARSET=utf8mb4 COLLATE=utf8mb4_general_ci;
/*!40101 SET character_set_client = @saved_cs_client */;

--
-- Dumping data for table `chucvu`
--

LOCK TABLES `chucvu` WRITE;
/*!40000 ALTER TABLE `chucvu` DISABLE KEYS */;
INSERT INTO `chucvu` VALUES (1,'Li my bay ch','C trng','ACTIVE'),(2,'Tip vin','Tip vin','ACTIVE'),(3,'Qun l','Qun l','ACTIVE'),(5,'Li my bay em','C ph','ACTIVE');
/*!40000 ALTER TABLE `chucvu` ENABLE KEYS */;
UNLOCK TABLES;

--
-- Table structure for table `chuyenbay`
--

DROP TABLE IF EXISTS `chuyenbay`;
/*!40101 SET @saved_cs_client     = @@character_set_client */;
/*!50503 SET character_set_client = utf8mb4 */;
CREATE TABLE `chuyenbay` (
  `id_chuyen_bay` int NOT NULL AUTO_INCREMENT,
  `delay` int DEFAULT NULL,
  `iata_chuyen_bay` varchar(6) CHARACTER SET utf8mb4 COLLATE utf8mb4_general_ci NOT NULL,
  `icao_chuyen_bay` varchar(50) CHARACTER SET utf8mb4 COLLATE utf8mb4_general_ci NOT NULL,
  `ngay_bay` date NOT NULL,
  `so_ghe` int NOT NULL,
  `thoi_gian_bat_dau_du_tinh` datetime(6) NOT NULL,
  `thoi_gian_bat_dau_thuc_te` datetime(6) DEFAULT NULL,
  `thoi_gian_ket_thuc_du_tinh` datetime(6) NOT NULL,
  `thoi_gian_ket_thuc_thuc_te` datetime(6) DEFAULT NULL,
  `status` enum('CANCELED','COMPLETED','DELAYED','IN_FLIGHT','SCHEDULED') CHARACTER SET utf8mb4 COLLATE utf8mb4_general_ci DEFAULT NULL,
  `active_status` enum('ACTIVE','IN_ACTIVE') CHARACTER SET utf8mb4 COLLATE utf8mb4_general_ci DEFAULT NULL,
  `id_cong` int NOT NULL,
  `id_may_bay` int NOT NULL,
  `id_tuyen_bay` int NOT NULL,
  `nvhk` varchar(255) CHARACTER SET utf8mb4 COLLATE utf8mb4_general_ci DEFAULT NULL,
  PRIMARY KEY (`id_chuyen_bay`),
  KEY `FKetk1qnxyol48pl510ed4gyho5` (`id_cong`),
  KEY `FK47sbx38vk6ej4nce1qe54vbi2` (`id_may_bay`),
  KEY `FKqcsrux6ggo80b7wtqr0kxt2st` (`id_tuyen_bay`),
  CONSTRAINT `FK47sbx38vk6ej4nce1qe54vbi2` FOREIGN KEY (`id_may_bay`) REFERENCES `maybay` (`id_may_bay`),
  CONSTRAINT `FKetk1qnxyol48pl510ed4gyho5` FOREIGN KEY (`id_cong`) REFERENCES `cong` (`id_cong`),
  CONSTRAINT `FKqcsrux6ggo80b7wtqr0kxt2st` FOREIGN KEY (`id_tuyen_bay`) REFERENCES `tuyenbay` (`id_tuyen_bay`)
) ENGINE=InnoDB AUTO_INCREMENT=39 DEFAULT CHARSET=utf8mb4 COLLATE=utf8mb4_general_ci;
/*!40101 SET character_set_client = @saved_cs_client */;

--
-- Dumping data for table `chuyenbay`
--

LOCK TABLES `chuyenbay` WRITE;
/*!40000 ALTER TABLE `chuyenbay` DISABLE KEYS */;
INSERT INTO `chuyenbay` VALUES (25,0,'VN-790','VN-790 VVNB-RJAA','2024-12-01',120,'2024-12-01 11:00:00.000000',NULL,'2024-12-01 11:30:00.000000',NULL,'CANCELED','ACTIVE',3,18,17,'3/17/14-12-19'),(26,0,'VN-832','VN-832 VVTS-VVNB','2024-11-27',350,'2024-11-27 21:00:00.000000','2024-11-27 21:00:00.000000','2024-11-27 23:00:00.000000','2024-11-27 23:00:00.000000','COMPLETED','ACTIVE',1,10,7,'7/10/5-6-8-21-22-23-24'),(27,0,'VN-198','VN-198 VVTS-VTBS','2024-11-30',28,'2024-11-30 22:17:00.000000','2024-11-30 22:17:00.000000','2024-12-01 00:17:00.000000','2024-12-01 00:17:00.000000','CANCELED','ACTIVE',1,19,1,'9/16/14'),(28,0,'VN-198','VN-198 VVTS-VTBS','2024-11-29',28,'2024-11-29 22:20:00.000000','2024-11-29 22:20:00.000000','2024-11-30 00:20:00.000000','2024-11-30 00:20:00.000000','CANCELED','ACTIVE',1,19,1,'9/17/14'),(29,0,'VN-198','VN-198 VVTS-VVNB','2024-11-29',28,'2024-11-29 22:38:00.000000','2024-11-29 22:38:00.000000','2024-11-30 00:38:00.000000','2024-11-30 00:38:00.000000','CANCELED','ACTIVE',1,19,7,'undefined/undefined/'),(30,0,'VN-198','VN-198 VVTS-VTBS','2024-11-29',28,'2024-11-29 22:42:00.000000','2024-11-29 22:42:00.000000','2024-11-30 00:42:00.000000','2024-11-30 00:42:00.000000','CANCELED','ACTIVE',1,19,1,'undefined/undefined/'),(31,0,'VN-198','VN-198 VVTS-VTBS','2024-11-29',28,'2024-11-29 22:56:00.000000','2024-11-29 22:56:00.000000','2024-11-30 00:56:00.000000','2024-11-30 00:56:00.000000','CANCELED','ACTIVE',1,19,1,'undefined/undefined/'),(32,0,'VN-198','VN-198 VVTS-VTBS','2024-11-29',28,'2024-11-29 16:41:00.000000','2024-11-29 16:41:00.000000','2024-11-29 18:41:00.000000','2024-11-29 18:41:00.000000','CANCELED','ACTIVE',1,19,1,'3/17/19-25'),(33,0,'VN-198','VN-198 VVTS-VTBS','2024-11-30',28,'2024-11-30 16:49:00.000000','2024-11-30 16:49:00.000000','2024-11-30 18:49:00.000000','2024-11-30 18:49:00.000000','CANCELED','ACTIVE',1,19,1,'undefined/undefined/'),(34,0,'VN-198','VN-198 VVTS-VTBS','2024-11-29',28,'2024-11-29 16:53:00.000000','2024-11-29 16:53:00.000000','2024-11-29 18:53:00.000000','2024-11-29 18:53:00.000000','CANCELED','ACTIVE',1,19,1,'9/18/12-19'),(35,0,'VN-198','VN-198 VVTS-VTBS','2024-11-30',28,'2024-11-30 17:06:00.000000','2024-11-30 17:06:00.000000','2024-11-30 19:06:00.000000','2024-11-30 19:06:00.000000','CANCELED','ACTIVE',1,19,1,'undefined/undefined/'),(36,0,'VN-198','VN-198 VVTS-VTBS','2024-11-29',28,'2024-11-29 17:17:00.000000','2024-11-29 17:17:00.000000','2024-11-29 19:17:00.000000','2024-11-29 19:17:00.000000','CANCELED','ACTIVE',1,19,1,'undefined/undefined/'),(37,0,'VN-198','VN-198 VVTS-VVNB','2024-11-30',28,'2024-11-30 17:32:00.000000','2024-11-30 17:32:00.000000','2024-11-30 19:32:00.000000','2024-11-30 19:32:00.000000','CANCELED','ACTIVE',1,19,7,'9/17/19'),(38,0,'VN-198','VN-198 VVTS-VVNB','2024-11-29',28,'2024-11-29 17:46:00.000000','2024-11-29 17:46:00.000000','2024-11-29 19:46:00.000000','2024-11-29 19:46:00.000000','SCHEDULED','ACTIVE',1,19,7,'3/17/14');
/*!40000 ALTER TABLE `chuyenbay` ENABLE KEYS */;
UNLOCK TABLES;

--
-- Table structure for table `cong`
--

DROP TABLE IF EXISTS `cong`;
/*!40101 SET @saved_cs_client     = @@character_set_client */;
/*!50503 SET character_set_client = utf8mb4 */;
CREATE TABLE `cong` (
  `id_cong` int NOT NULL AUTO_INCREMENT,
  `ten_cong` varchar(255) CHARACTER SET utf8mb4 COLLATE utf8mb4_general_ci NOT NULL,
  `active_status` enum('ACTIVE','IN_ACTIVE') CHARACTER SET utf8mb4 COLLATE utf8mb4_general_ci DEFAULT NULL,
  `id_san_bay` int NOT NULL,
  PRIMARY KEY (`id_cong`),
  KEY `FKqa0dpytw4lwx5tgohuhtitkdf` (`id_san_bay`),
  CONSTRAINT `FKqa0dpytw4lwx5tgohuhtitkdf` FOREIGN KEY (`id_san_bay`) REFERENCES `sanbay` (`id_san_bay`)
) ENGINE=InnoDB AUTO_INCREMENT=11 DEFAULT CHARSET=utf8mb4 COLLATE=utf8mb4_general_ci;
/*!40101 SET character_set_client = @saved_cs_client */;

--
-- Dumping data for table `cong`
--

LOCK TABLES `cong` WRITE;
/*!40000 ALTER TABLE `cong` DISABLE KEYS */;
INSERT INTO `cong` VALUES (1,'Cng 1','ACTIVE',1),(2,'Cng 2','ACTIVE',3),(3,'Cng 1','ACTIVE',2),(4,'Cng 2','ACTIVE',8),(5,'Cng 1','ACTIVE',5),(6,'Cng 1','ACTIVE',4),(7,'Cng 1','ACTIVE',9),(8,'Cng 1','ACTIVE',6),(9,'Cng 1','ACTIVE',7),(10,'Cng A','ACTIVE',10);
/*!40000 ALTER TABLE `cong` ENABLE KEYS */;
UNLOCK TABLES;

--
-- Table structure for table `danhgia`
--

DROP TABLE IF EXISTS `danhgia`;
/*!40101 SET @saved_cs_client     = @@character_set_client */;
/*!50503 SET character_set_client = utf8mb4 */;
CREATE TABLE `danhgia` (
  `id_danh_gia` int NOT NULL AUTO_INCREMENT,
  `noi_dung` varchar(255) CHARACTER SET utf8mb4 COLLATE utf8mb4_general_ci NOT NULL,
  `sao` enum('FIVE','FOUR','ONE','THREE','TWO') CHARACTER SET utf8mb4 COLLATE utf8mb4_general_ci NOT NULL,
  `thoi_gian_tao` datetime(6) NOT NULL,
  `active_status` enum('ACTIVE','IN_ACTIVE') CHARACTER SET utf8mb4 COLLATE utf8mb4_general_ci DEFAULT NULL,
  `id_hang_bay` int DEFAULT NULL,
  `id_khach_hang` int NOT NULL,
  `parent_comment_id` int DEFAULT NULL,
  PRIMARY KEY (`id_danh_gia`),
  KEY `FKdrxg0c5ka71jr109m62w7grhx` (`id_hang_bay`),
  KEY `FKpxkda90jur5g7rka2lu6t304r` (`id_khach_hang`),
  KEY `FK5x9c2g7338brspb9rp3me8i83` (`parent_comment_id`),
  CONSTRAINT `FK5x9c2g7338brspb9rp3me8i83` FOREIGN KEY (`parent_comment_id`) REFERENCES `danhgia` (`id_danh_gia`),
  CONSTRAINT `FKdrxg0c5ka71jr109m62w7grhx` FOREIGN KEY (`id_hang_bay`) REFERENCES `hangbay` (`id_hang_bay`),
  CONSTRAINT `FKpxkda90jur5g7rka2lu6t304r` FOREIGN KEY (`id_khach_hang`) REFERENCES `khachhang` (`id_khach_hang`)
) ENGINE=InnoDB AUTO_INCREMENT=63 DEFAULT CHARSET=utf8mb4 COLLATE=utf8mb4_general_ci;
/*!40101 SET character_set_client = @saved_cs_client */;

--
-- Dumping data for table `danhgia`
--

LOCK TABLES `danhgia` WRITE;
/*!40000 ALTER TABLE `danhgia` DISABLE KEYS */;
INSERT INTO `danhgia` VALUES (21,'Tt 5 sao nha','ONE','2024-11-19 12:37:58.165432',NULL,NULL,9,NULL),(23,'Rt tuyt vi','ONE','2024-11-19 12:44:32.877512',NULL,NULL,1,NULL),(24,'Cc nhn vin rt chu o ng khng bn','THREE','2024-11-19 12:44:36.735276',NULL,NULL,10,21),(25,'Thy i 10 im lun','TWO','2024-11-19 12:50:12.441936',NULL,NULL,13,NULL),(26,'HuHuHu','THREE','2024-11-19 12:50:18.344044',NULL,NULL,1,23);
/*!40000 ALTER TABLE `danhgia` ENABLE KEYS */;
UNLOCK TABLES;

--
-- Table structure for table `hangbay`
--

DROP TABLE IF EXISTS `hangbay`;
/*!40101 SET @saved_cs_client     = @@character_set_client */;
/*!50503 SET character_set_client = utf8mb4 */;
CREATE TABLE `hangbay` (
  `id_hang_bay` int NOT NULL AUTO_INCREMENT,
  `iata_hang_bay` varchar(3) CHARACTER SET utf8mb4 COLLATE utf8mb4_general_ci DEFAULT NULL,
  `icao_hang_bay` varchar(4) CHARACTER SET utf8mb4 COLLATE utf8mb4_general_ci DEFAULT NULL,
  `ten_hang_bay` varchar(255) CHARACTER SET utf8mb4 COLLATE utf8mb4_general_ci NOT NULL,
  `active_status` enum('ACTIVE','IN_ACTIVE') CHARACTER SET utf8mb4 COLLATE utf8mb4_general_ci DEFAULT NULL,
  PRIMARY KEY (`id_hang_bay`)
) ENGINE=InnoDB AUTO_INCREMENT=6 DEFAULT CHARSET=utf8mb4 COLLATE=utf8mb4_general_ci;
/*!40101 SET character_set_client = @saved_cs_client */;

--
-- Dumping data for table `hangbay`
--

LOCK TABLES `hangbay` WRITE;
/*!40000 ALTER TABLE `hangbay` DISABLE KEYS */;
INSERT INTO `hangbay` VALUES (1,'BL','BAVC','Bamboo Airways','ACTIVE'),(2,'NH','ANAA','All Nippon Airways','ACTIVE'),(3,'JL','JALJ','Japan Airlines','ACTIVE'),(4,'CX','CPA1','Cathay Pacific','ACTIVE'),(5,'SQ','SIA1','Singapore Airlines','ACTIVE');
/*!40000 ALTER TABLE `hangbay` ENABLE KEYS */;
UNLOCK TABLES;

--
-- Table structure for table `hanghoa`
--

DROP TABLE IF EXISTS `hanghoa`;
/*!40101 SET @saved_cs_client     = @@character_set_client */;
/*!50503 SET character_set_client = utf8mb4 */;
CREATE TABLE `hanghoa` (
  `id_hang_hoa` int NOT NULL AUTO_INCREMENT,
  `gia_phat_sinh` double DEFAULT NULL,
  `ma_hang_hoa` varchar(255) CHARACTER SET utf8mb4 COLLATE utf8mb4_general_ci DEFAULT NULL,
  `tai_trong` double DEFAULT NULL,
  `ten_hang_hoa` varchar(255) CHARACTER SET utf8mb4 COLLATE utf8mb4_general_ci NOT NULL,
  `active_status` enum('ACTIVE','IN_ACTIVE') CHARACTER SET utf8mb4 COLLATE utf8mb4_general_ci DEFAULT NULL,
  `id_loai_hang_hoa` int NOT NULL,
  PRIMARY KEY (`id_hang_hoa`),
  UNIQUE KEY `UKet1h2g8eessvhpnu49cur418i` (`ma_hang_hoa`),
  KEY `FKiwud1ls2pqas7ypuef8j59f25` (`id_loai_hang_hoa`),
  CONSTRAINT `FKiwud1ls2pqas7ypuef8j59f25` FOREIGN KEY (`id_loai_hang_hoa`) REFERENCES `loaihanghoa` (`id_loai_hang_hoa`)
) ENGINE=InnoDB AUTO_INCREMENT=127 DEFAULT CHARSET=utf8mb4 COLLATE=utf8mb4_general_ci;
/*!40101 SET character_set_client = @saved_cs_client */;

--
-- Dumping data for table `hanghoa`
--

LOCK TABLES `hanghoa` WRITE;
/*!40000 ALTER TABLE `hanghoa` DISABLE KEYS */;
INSERT INTO `hanghoa` VALUES (13,0,'8f039652-541a-443a-8b9d-0de1b494e4ea',2.5,'Go','ACTIVE',1),(14,0,'39af2bd9-bbf2-4ac6-ad6c-37c2b3a61e75',10,'Np','ACTIVE',1),(15,0,'5ae831c3-b9a4-403d-a831-0bebefe978a7',9,'Vi','ACTIVE',1),(16,0,'75162c9c-a465-40e7-97e3-fea3b88aa155',10,'Nc hoa','ACTIVE',1),(17,1925,'c079eba5-92da-44cb-b8f9-987dd6e9fe7c',100,'G63','ACTIVE',1),(18,0,'c35e0122-c74c-4222-a0d2-1a1d01b54cf6',10,'Du gi','ACTIVE',1),(19,175,'b74e12f5-709f-4c73-833f-0edd00ff9bf1',30,'Nc ngt','ACTIVE',1),(122,0,'e2210a60-e545-4ee0-b8f7-52ac1bed8871',0,'Hng ha 1','ACTIVE',1),(123,0,'dba66206-8e5b-450b-89d1-b769d3fddd73',0,'Hng ha 1','ACTIVE',1),(124,0,'0ba847d3-9b5b-4b81-8d5b-ef4a815ca9f9',0,'Hng ha 1','ACTIVE',1),(125,0,'f9324d3f-1e44-416f-b635-5c4377285aeb',0,'Hng ha 1','ACTIVE',1),(126,0,'c611defe-9b4c-41c2-bcc8-11e9eb1000be',0,'Hng ha 1','ACTIVE',1);
/*!40000 ALTER TABLE `hanghoa` ENABLE KEYS */;
UNLOCK TABLES;

--
-- Table structure for table `hangve`
--

DROP TABLE IF EXISTS `hangve`;
/*!40101 SET @saved_cs_client     = @@character_set_client */;
/*!50503 SET character_set_client = utf8mb4 */;
CREATE TABLE `hangve` (
  `id_hang_ve` int NOT NULL AUTO_INCREMENT,
  `mo_ta` varchar(255) CHARACTER SET utf8mb4 COLLATE utf8mb4_general_ci DEFAULT NULL,
  `ten_hang_ve` varchar(255) CHARACTER SET utf8mb4 COLLATE utf8mb4_general_ci NOT NULL,
  `active_status` enum('ACTIVE','IN_ACTIVE') CHARACTER SET utf8mb4 COLLATE utf8mb4_general_ci DEFAULT NULL,
  PRIMARY KEY (`id_hang_ve`)
) ENGINE=InnoDB AUTO_INCREMENT=4 DEFAULT CHARSET=utf8mb4 COLLATE=utf8mb4_general_ci;
/*!40101 SET character_set_client = @saved_cs_client */;

--
-- Dumping data for table `hangve`
--

LOCK TABLES `hangve` WRITE;
/*!40000 ALTER TABLE `hangve` DISABLE KEYS */;
INSERT INTO `hangve` VALUES (1,'Hng ph thng','Economy','ACTIVE'),(2,'Hng thng gia','Business','ACTIVE');
/*!40000 ALTER TABLE `hangve` ENABLE KEYS */;
UNLOCK TABLES;

--
-- Table structure for table `hanhkhach`
--

DROP TABLE IF EXISTS `hanhkhach`;
/*!40101 SET @saved_cs_client     = @@character_set_client */;
/*!50503 SET character_set_client = utf8mb4 */;
CREATE TABLE `hanhkhach` (
  `id_hanh_khach` int NOT NULL AUTO_INCREMENT,
  `cccd` varchar(255) CHARACTER SET utf8mb4 COLLATE utf8mb4_general_ci DEFAULT NULL,
  `email` varchar(255) CHARACTER SET utf8mb4 COLLATE utf8mb4_general_ci NOT NULL,
  `gioi_tinh` enum('NAM','NU') CHARACTER SET utf8mb4 COLLATE utf8mb4_general_ci DEFAULT NULL,
  `ho_chieu` varchar(255) CHARACTER SET utf8mb4 COLLATE utf8mb4_general_ci DEFAULT NULL,
  `ho_ten` varchar(255) CHARACTER SET utf8mb4 COLLATE utf8mb4_general_ci NOT NULL,
  `ngay_sinh` varchar(255) CHARACTER SET utf8mb4 COLLATE utf8mb4_general_ci NOT NULL,
  `so_dien_thoai` varchar(255) CHARACTER SET utf8mb4 COLLATE utf8mb4_general_ci NOT NULL,
  `active_status` enum('ACTIVE','IN_ACTIVE') CHARACTER SET utf8mb4 COLLATE utf8mb4_general_ci DEFAULT NULL,
  PRIMARY KEY (`id_hanh_khach`)
) ENGINE=InnoDB AUTO_INCREMENT=71 DEFAULT CHARSET=utf8mb4 COLLATE=utf8mb4_general_ci;
/*!40101 SET character_set_client = @saved_cs_client */;

--
-- Dumping data for table `hanhkhach`
--

LOCK TABLES `hanhkhach` WRITE;
/*!40000 ALTER TABLE `hanhkhach` DISABLE KEYS */;
INSERT INTO `hanhkhach` VALUES (1,'111222333444','duylam468213@gmail.com','NAM','111','Nguyn c Duy Lm','2000-11-11','0326342740','ACTIVE'),(2,'123456789012','nguyenvana@example.com','NAM','P1234567','Nguyen Van A','1995-05-10','0987654321','ACTIVE'),(3,'012345678922','lockbkbang@gmail.com','NAM','0123456789','Nguyen Huu Locc','2012-05-15','0123456789','ACTIVE'),(4,'012345678933','lockbkbang@gmail.com','NU','0123456789','cam tri ','1990-05-15','0123456788','ACTIVE'),(5,'123456789123','nguyeznvana@example.com','NU','A12345678','Trn Th B','1990-01-01','0912345672','ACTIVE'),(6,'123416789111','nguyenvaxna@example.com','NAM','A12345678','Quan Cng Tc','1990-01-01','0912345671','ACTIVE'),(7,'123416789123','nguyenvaxna@example.com','NAM','A12345678','ng Vn Lm','1990-01-01','0912345678','ACTIVE'),(8,'032663636222','duylam468213@gmail.com','NAM',NULL,'Bi Tin Dng','2004-11-11','0326342742','ACTIVE'),(9,'032332332099','duylam468213@gmail.com','NAM',NULL,'H H Huy','2007-11-11','0326342741','ACTIVE'),(10,'111111111223','duylam468213@gmail.com','NAM',NULL,'Nguyn Hu Bnh','1970-11-16','0326342747','ACTIVE'),(66,'312241020202','lockbkbang@gmail.com','NAM',NULL,'Th M','2000-11-11','0909123456','ACTIVE'),(67,'123123123123','duylam468213@gmail.com','NAM',NULL,'B','1999-01-01','0326342747','ACTIVE'),(68,'212133445566','duylam468213@gmail.com','NAM',NULL,'Trnh','2000-02-20','0326342747','ACTIVE'),(69,'444000444000','abc@gmail.com','NAM',NULL,'Jack','2012-11-01','0977655112','ACTIVE'),(70,'312231223122','duylam468213@gmail.com','NAM',NULL,'Nguyn ','1950-01-01','0326342747','ACTIVE');
/*!40000 ALTER TABLE `hanhkhach` ENABLE KEYS */;
UNLOCK TABLES;

--
-- Table structure for table `hoadon`
--

DROP TABLE IF EXISTS `hoadon`;
/*!40101 SET @saved_cs_client     = @@character_set_client */;
/*!50503 SET character_set_client = utf8mb4 */;
CREATE TABLE `hoadon` (
  `id_hoa_don` int NOT NULL AUTO_INCREMENT,
  `so_luong_ve` int NOT NULL,
  `status` enum('CANCELLED','EXPIRED','PAID','PENDING','REFUNDED') CHARACTER SET utf8mb4 COLLATE utf8mb4_general_ci DEFAULT NULL,
  `thoi_gian_lap` datetime(6) NOT NULL,
  `tong_tien` double NOT NULL,
  `id_khach_hang` int NOT NULL,
  `id_loai_hoa_don` int NOT NULL,
  `id_nhan_vien` int NOT NULL,
  `id_phuong_thuc` int NOT NULL,
  `danh_gia` bit(1) NOT NULL,
  PRIMARY KEY (`id_hoa_don`),
  KEY `FK1x5quc1q24o51rd9ntlmuae05` (`id_khach_hang`),
  KEY `FK6h1wrt25be9wfa99yss4h94cy` (`id_loai_hoa_don`),
  KEY `FKa2xb5b89fs2x9r7onydl6s49i` (`id_nhan_vien`),
  KEY `FKgj23u1dnhuv58x32kfi5pvqq7` (`id_phuong_thuc`),
  CONSTRAINT `FK1x5quc1q24o51rd9ntlmuae05` FOREIGN KEY (`id_khach_hang`) REFERENCES `khachhang` (`id_khach_hang`),
  CONSTRAINT `FK6h1wrt25be9wfa99yss4h94cy` FOREIGN KEY (`id_loai_hoa_don`) REFERENCES `loaihoadon` (`id_loai_hoa_don`),
  CONSTRAINT `FKa2xb5b89fs2x9r7onydl6s49i` FOREIGN KEY (`id_nhan_vien`) REFERENCES `nhanvien` (`id_nhan_vien`),
  CONSTRAINT `FKgj23u1dnhuv58x32kfi5pvqq7` FOREIGN KEY (`id_phuong_thuc`) REFERENCES `phuongthucthanhtoan` (`id_phuong_thuc_tt`)
) ENGINE=InnoDB AUTO_INCREMENT=348 DEFAULT CHARSET=utf8mb4 COLLATE=utf8mb4_general_ci;
/*!40101 SET character_set_client = @saved_cs_client */;

--
-- Dumping data for table `hoadon`
--

LOCK TABLES `hoadon` WRITE;
/*!40000 ALTER TABLE `hoadon` DISABLE KEYS */;
INSERT INTO `hoadon` VALUES (344,1,'PAID','2024-11-22 21:06:59.930273',500000,1,1,1,1,_binary '\0'),(345,2,'PAID','2024-11-26 21:09:10.286653',1000000,9,1,1,1,_binary '\0'),(346,1,'PAID','2024-10-11 21:11:10.925576',1500000,3,1,1,1,_binary '\0'),(347,1,'PAID','2024-10-09 21:12:46.976933',500000,9,1,1,1,_binary '\0');
/*!40000 ALTER TABLE `hoadon` ENABLE KEYS */;
UNLOCK TABLES;

--
-- Table structure for table `invalidtoken`
--

DROP TABLE IF EXISTS `invalidtoken`;
/*!40101 SET @saved_cs_client     = @@character_set_client */;
/*!50503 SET character_set_client = utf8mb4 */;
CREATE TABLE `invalidtoken` (
  `id_token` varchar(255) CHARACTER SET utf8mb4 COLLATE utf8mb4_general_ci NOT NULL,
  `expiry_date` datetime(6) NOT NULL,
  PRIMARY KEY (`id_token`)
) ENGINE=InnoDB DEFAULT CHARSET=utf8mb4 COLLATE=utf8mb4_general_ci;
/*!40101 SET character_set_client = @saved_cs_client */;

--
-- Dumping data for table `invalidtoken`
--

LOCK TABLES `invalidtoken` WRITE;
/*!40000 ALTER TABLE `invalidtoken` DISABLE KEYS */;
INSERT INTO `invalidtoken` VALUES ('02939498-f21d-4945-ac9e-34d63f758fff','2024-11-19 17:11:29.000000'),('04447116-a8ad-4281-b49d-bf2482e92986','2024-11-18 20:48:33.000000'),('049152fb-ec16-439c-a758-2923b958b7c4','2024-11-19 12:55:11.000000'),('06b8162e-a5c2-4c80-80cc-a7edba9f056c','2024-11-26 21:19:54.000000'),('0816e1c6-2084-4713-8274-7b9cdde27be3','2024-11-16 09:37:18.000000'),('0af8e448-a152-4f6f-89d7-66a3d6efae7a','2024-11-21 16:06:24.000000'),('0d948e43-6ebf-4921-bbaa-9c70a2fa507a','2024-11-19 14:22:49.000000'),('114da2c5-3b3f-41bd-947e-2ff1e95a4aaf','2024-11-26 21:35:40.000000'),('1201b7b4-c74b-4cec-9e90-2da46c653117','2024-11-19 11:14:20.000000'),('1371644f-1563-4a5c-a0dd-a25bff5d3390','2024-11-19 21:05:48.000000'),('13862ed9-7c13-4fce-8eb1-d69adb5722f4','2024-11-19 17:11:54.000000'),('1528e621-7145-4340-9e85-9d911a9c7a14','2024-11-17 19:57:34.000000'),('15cd2a05-544b-4019-9f12-29ee3b6eaa23','2024-11-16 10:34:07.000000'),('1885977f-db96-48db-8ae5-b26515347885','2024-11-16 10:44:28.000000'),('1daed382-c1a5-4401-9efc-9e6f5d702929','2024-11-16 10:44:28.000000'),('20f3eb0d-36ac-41c2-b28d-56be03d26c4c','2024-11-21 16:06:24.000000'),('269c82c4-4aa8-448c-93b1-b3b0997d4ed5','2024-11-16 09:56:46.000000'),('275b5112-e197-4019-811f-ba412bf9d607','2024-11-21 18:25:20.000000'),('27f014be-8015-4fe2-b60c-1a3979c8a590','2024-11-19 14:15:56.000000'),('28281c7b-8268-4e4a-a5d7-44eed1c151c8','2024-11-15 22:41:52.000000'),('28ab59e8-7781-4fbd-a761-7114342c60cc','2024-11-15 22:42:50.000000'),('2adac2df-19e8-4bce-be10-21b8a66a13ac','2024-11-19 12:01:07.000000'),('2f55caed-0db0-4dec-9172-0c8b73adf976','2024-11-19 12:34:59.000000'),('31101a49-2263-4b12-b9e8-72d0c4785438','2024-11-19 11:47:55.000000'),('3783d518-52e1-490a-92dd-f65e36eac0f4','2024-11-18 11:25:17.000000'),('38c42c28-fcb7-44ef-bb38-cac5ca0ca74a','2024-11-19 17:12:03.000000'),('38e95c3a-61bd-4347-92bc-9e164fdbd475','2024-11-17 19:46:00.000000'),('391ae6d7-4995-4232-b947-6a2eae65c10e','2024-11-19 13:55:05.000000'),('395df675-5471-49aa-b35e-70c76fa93e22','2024-11-19 14:23:15.000000'),('3c7577c4-19ea-456c-b579-fc904de15008','2024-11-19 12:00:30.000000'),('425137bd-e1f0-4b36-8ed0-04bb6fff03e2','2024-11-17 19:46:00.000000'),('42a4bee2-94bf-4eeb-a5af-55c327f37f09','2024-11-16 09:37:18.000000'),('436d90fc-5a1b-49e2-93a0-0b6d86e840fa','2024-11-18 11:25:17.000000'),('465a0b05-acb0-4315-b203-3be456a291bb','2024-11-16 16:02:26.000000'),('49a06030-168a-4695-aeb4-9c5bd307515e','2024-11-19 14:23:15.000000'),('4c1dacd1-866c-4ddd-a50c-a066d6ffc852','2024-11-19 15:17:26.000000'),('4d7b1c4d-3ba6-4b9a-b3fe-0467ec0692d2','2024-11-19 12:34:59.000000'),('4ee74e72-303a-4755-96b3-615bc3f02701','2024-11-19 14:23:11.000000'),('53a7eba6-6ea5-4350-9d3f-33cfd524eca8','2024-11-19 14:24:56.000000'),('53aee6e0-0f86-430e-bc6c-1b90b10565f7','2024-11-19 12:27:15.000000'),('58b804ea-834d-4643-b469-d9d69723a671','2024-11-19 11:58:30.000000'),('5a4773a6-4ac1-42b5-b3e0-754a980dc59a','2024-11-19 12:27:15.000000'),('5a8e7094-85da-42d3-a998-ad5239f2c396','2024-11-16 08:53:10.000000'),('5b294a8a-d788-4df1-96fe-2bc08dd07a77','2024-11-15 10:33:39.000000'),('5e2f13e4-0e94-4303-975d-8e3510e6068b','2024-11-19 12:01:07.000000'),('60e3f9d0-cd25-4b5a-8e83-6027bcbb575b','2024-11-19 12:01:00.000000'),('6395b5c4-e453-4d1d-a1ef-f20ae0e29a6e','2024-11-16 09:29:51.000000'),('64eaac0c-c5f6-490a-b90f-aca5f01d9d87','2024-11-15 22:49:01.000000'),('6850e611-c050-4972-a906-ec2e94f98dc9','2024-11-26 23:02:59.000000'),('68ecbabb-2610-4b58-89bd-bcca7d0d732e','2024-11-26 21:35:40.000000'),('6c243d82-feac-48bf-93bc-89907eddbe6c','2024-11-15 22:49:01.000000'),('702469e1-f32f-475b-a2e5-1effdb03754d','2024-11-19 10:51:42.000000'),('703858c3-7ed9-41cf-a3cf-5d35faf92b38','2024-11-19 13:55:05.000000'),('718a8a47-c3a4-4f35-8c05-c2db113546f9','2024-11-19 14:22:49.000000'),('72f857c4-c597-48e8-b87b-04732bedea3e','2024-11-19 11:48:43.000000'),('75a2d6f5-4443-4797-9bd2-75fa49b169eb','2024-11-16 10:44:55.000000'),('768e7dc8-b943-41c8-b0bc-c9bfe1571b78','2024-11-16 09:56:46.000000'),('797b0015-b7c9-4d5e-95f8-d915158dab71','2024-11-19 12:00:49.000000'),('79bd3e92-b2a6-4ea5-8176-1f2be25b4f9c','2024-11-19 10:51:42.000000'),('79df63d7-0e1e-4785-9444-419954214021','2024-11-17 19:59:53.000000'),('7c3d7104-05fe-4e0b-b488-42959454e547','2024-11-16 08:53:10.000000'),('82308602-9227-42db-8f57-50a462f4fd46','2024-11-15 23:36:26.000000'),('830bce71-dddf-4cc5-ac26-c683d7e5bd51','2024-11-20 11:50:17.000000'),('8578355d-b2fd-46be-ae53-0165c8957820','2024-11-17 19:59:53.000000'),('892a54be-3cc4-4236-bd1c-800d176e2bfe','2024-11-26 22:06:48.000000'),('8b1d480b-09ea-46d2-87fb-fce6e9bdaaf9','2024-11-19 14:23:19.000000'),('90c13cf3-7ac8-47c8-86d0-4012646f495d','2024-11-19 17:11:54.000000'),('91d5854c-07e9-472a-b805-f4bd152951e5','2024-11-16 16:02:26.000000'),('9385b39d-51a3-440a-ad7a-32181bfe2f9e','2024-11-15 22:41:52.000000'),('9690c6a2-7a1f-43b2-a806-fe93479b3651','2024-11-19 12:55:11.000000'),('96b82662-31ae-498d-ad70-3ea261ebaeac','2024-11-18 18:46:52.000000'),('9a2ccecc-cb14-43ae-a6f8-86bf38e71a5d','2024-11-20 10:26:53.000000'),('9a5f487c-dbb6-40c5-befb-856d1c4c0f24','2024-11-26 23:02:59.000000'),('a034d951-bd9c-44d5-9bf8-8ffb84577f0e','2024-11-19 11:14:20.000000'),('a2e6db28-5298-42ce-a0f4-341c4a395057','2024-11-21 18:25:20.000000'),('a589a2b5-2147-4952-a209-eec43831ff76','2024-11-19 14:24:56.000000'),('a7956f66-3b0b-4f35-b99b-240fa90a35ac','2024-11-19 21:05:30.000000'),('a806046a-6071-46b8-86d0-a6aba946de86','2024-11-19 11:47:55.000000'),('a8dffe3f-518e-48d5-b4b7-fe062712a77e','2024-11-26 21:32:32.000000'),('a9214ed0-493d-4acf-bce1-d59609d73a3c','2024-11-19 12:01:15.000000'),('aaa6b6d7-22b7-435f-b994-549c4253d741','2024-11-19 11:48:43.000000'),('aadaf1a5-ab32-42c6-9d38-0cb6a8253918','2024-11-15 23:26:11.000000'),('aafca342-ce08-48c1-8561-75b7bff6886e','2024-11-15 23:36:26.000000'),('ac88a416-3c7d-4c92-a48e-838b714e8be0','2024-11-16 10:42:33.000000'),('ad16ad00-7584-4ddb-a55a-ec5113050993','2024-11-19 14:23:19.000000'),('aec2fa28-1cd2-44c8-94cd-ba86f0e075b1','2024-11-19 11:58:30.000000'),('aefc83dd-7f8c-4c38-bf8d-405e44242831','2024-11-20 11:50:17.000000'),('afbc6717-b643-424b-b9e3-779c2e8dbcec','2024-11-19 13:53:00.000000'),('b0b31e20-3ffc-450e-8407-c054eb040e42','2024-11-26 22:12:44.000000'),('b1ce6311-daa4-400b-b185-39e1c798f2cd','2024-11-18 20:48:33.000000'),('b1e0d6f7-07f1-4ce1-a98e-df461a794c06','2024-11-19 12:14:33.000000'),('b2a1e41f-a244-46c6-aad1-361a0020b29c','2024-11-19 15:17:26.000000'),('bbbf221c-5856-4001-9c09-ca8cfd83df8e','2024-11-19 12:00:49.000000'),('c07ed099-b3ff-45a1-b34d-0eacad3eab05','2024-11-19 11:53:24.000000'),('c1a251fa-6096-418f-8bee-fe7f935bc10d','2024-11-19 17:12:03.000000'),('c24acdc9-18f2-4310-9588-81a41494d79b','2024-11-17 19:57:34.000000'),('c39665de-37c1-4ff5-9908-11055fed7bd2','2024-11-16 10:24:45.000000'),('c43d8c67-298b-46bc-9e60-735baa746767','2024-11-19 12:01:15.000000'),('c50e2d11-5be1-40b2-a9b4-7db718079c6c','2024-11-16 09:47:07.000000'),('c532a33d-e54f-48a4-8551-d55e63515608','2024-11-26 21:19:54.000000'),('c57bdc41-b5b4-4ade-95e6-13eadfa4fea3','2024-11-19 21:05:30.000000'),('c8b9ee68-f530-41e5-aa67-af4871a25d66','2024-11-19 12:01:00.000000'),('c983b503-b6db-454b-bf8c-0c638af64361','2024-11-15 10:33:39.000000'),('cbec6bd9-305b-4c52-93ec-05fc2174df10','2024-11-19 14:15:56.000000'),('cd6c3272-2940-4a8b-8a3a-5412116c8923','2024-11-16 10:34:07.000000'),('cd753bfd-1d2f-48bb-b17e-7598daa3b3fb','2024-11-19 12:00:30.000000'),('d00e8a2b-cd6d-438b-8212-704885a806e5','2024-11-16 10:24:45.000000'),('d2a768af-dfb5-4073-9159-858b5a3b07ee','2024-11-16 09:47:07.000000'),('d892a0c7-e4f3-4e47-81fa-8c1260869ee3','2024-11-20 11:44:02.000000'),('dd0cc0df-4dbb-476d-8205-d827e31f3437','2024-11-16 09:29:51.000000'),('e34c13c1-7076-4610-ab62-d808541f14f9','2024-11-19 13:53:00.000000'),('e4ccfced-f3bc-4c99-927d-3bb771a941f8','2024-11-26 22:06:48.000000'),('e7276084-d56c-4fad-a773-41a409b51e55','2024-11-15 22:42:50.000000'),('e9b9d7f5-cfd8-4981-82c1-d840ecbeb8e2','2024-11-15 23:26:11.000000'),('eb74630c-8a2c-47ee-9e3b-24a8e0ecbcc1','2024-11-18 18:46:52.000000'),('ed3a13a1-7b9f-4920-836d-e1a8353daa68','2024-11-19 21:05:48.000000'),('ee82e3e9-b79f-4045-858b-1c5d3534dbce','2024-11-26 22:12:44.000000'),('ef602f99-9588-4168-9483-5526fcf412b4','2024-11-26 21:32:32.000000'),('f34aa7f9-4255-405d-b0ee-2e82a25670f6','2024-11-19 17:11:29.000000'),('f799a723-c153-4c50-a919-5b09a5de7907','2024-11-20 10:26:53.000000'),('fbbc9076-da8e-4ed5-a453-e1c8ab5aa7b0','2024-11-19 12:14:33.000000'),('fc41d116-183e-4fd2-a44e-ba4553abfa2a','2024-11-16 10:42:33.000000'),('fe1777e2-64d7-4f53-87f9-499e2e684718','2024-11-19 14:23:11.000000'),('fe7311c1-2b90-4074-95b1-9f7826b03236','2024-11-19 11:53:24.000000');
/*!40000 ALTER TABLE `invalidtoken` ENABLE KEYS */;
UNLOCK TABLES;

--
-- Table structure for table `khachhang`
--

DROP TABLE IF EXISTS `khachhang`;
/*!40101 SET @saved_cs_client     = @@character_set_client */;
/*!50503 SET character_set_client = utf8mb4 */;
CREATE TABLE `khachhang` (
  `id_khach_hang` int NOT NULL AUTO_INCREMENT,
  `cccd` varchar(255) CHARACTER SET utf8mb4 COLLATE utf8mb4_general_ci DEFAULT NULL,
  `email` varchar(255) CHARACTER SET utf8mb4 COLLATE utf8mb4_general_ci NOT NULL,
  `gioi_tinh` enum('NAM','NU') CHARACTER SET utf8mb4 COLLATE utf8mb4_general_ci DEFAULT NULL,
  `ho_ten` varchar(255) CHARACTER SET utf8mb4 COLLATE utf8mb4_general_ci DEFAULT NULL,
  `ngay_sinh` date NOT NULL,
  `point` int DEFAULT NULL,
  `so_dien_thoai` varchar(255) CHARACTER SET utf8mb4 COLLATE utf8mb4_general_ci DEFAULT NULL,
  `active_status` enum('ACTIVE','IN_ACTIVE') CHARACTER SET utf8mb4 COLLATE utf8mb4_general_ci DEFAULT NULL,
  `ngay_tao` date NOT NULL,
  PRIMARY KEY (`id_khach_hang`)
) ENGINE=InnoDB AUTO_INCREMENT=99 DEFAULT CHARSET=utf8mb4 COLLATE=utf8mb4_general_ci;
/*!40101 SET character_set_client = @saved_cs_client */;

--
-- Dumping data for table `khachhang`
--

LOCK TABLES `khachhang` WRITE;
/*!40000 ALTER TABLE `khachhang` DISABLE KEYS */;
INSERT INTO `khachhang` VALUES (1,'123456789111','vankiet27012004@gmail.com','NAM','Nguyen Van A','1990-05-15',5,'0909123456','ACTIVE','2024-10-01'),(3,'987654321112','tranthib@example.com','NU','Tran Thi B','1992-08-20',0,'0909876543','ACTIVE','2024-09-14'),(4,'123454567678','john.doe@exampleeeeeee.com','NAM','John Doe','1990-01-01',0,'0123456785','ACTIVE','2024-08-14'),(5,'123452319113','lockb@gmail.com','NAM','Khoa Pug','1990-01-01',0,'0123456784','ACTIVE','2024-07-14'),(6,'123434552319','lockb12345@gmail.com','NAM','Ng Tng','1990-01-01',0,'0123456783','ACTIVE','2024-08-14'),(7,'123411189114','example@example.com','NAM','Quang Lm','1990-01-01',0,'0123456782','ACTIVE','2024-01-17'),(8,'123414189115','exa11le@example.com','NU','Trn B','1990-01-01',0,'0123456781','ACTIVE','2024-03-17'),(9,'123466189116','duylam468213@gmail.com','NAM','Nguyn C','2000-11-11',0,'0326342747','ACTIVE','2024-01-17'),(10,'123456189117','aaaaa@gmail.com','NAM','Phng Tun','2001-11-11',0,'0909098339','ACTIVE','2024-01-17'),(13,'125466189118','a111a@gmail.com','NU','Jack','1999-11-11',0,'0901191139','ACTIVE','2024-09-17'),(14,'125556189119','a1111@gmail.com','NAM','J97','1997-11-11',0,'0911191139','ACTIVE','2024-11-17'),(98,'123451234511','abc@gmail.com',NULL,'Jack','1998-11-01',0,'0977655112',NULL,'2024-02-26');
/*!40000 ALTER TABLE `khachhang` ENABLE KEYS */;
UNLOCK TABLES;

--
-- Table structure for table `loaihanghoa`
--

DROP TABLE IF EXISTS `loaihanghoa`;
/*!40101 SET @saved_cs_client     = @@character_set_client */;
/*!50503 SET character_set_client = utf8mb4 */;
CREATE TABLE `loaihanghoa` (
  `id_loai_hang_hoa` int NOT NULL AUTO_INCREMENT,
  `gia_them_moi_kg` double NOT NULL,
  `gioi_han_kg` double NOT NULL,
  `ten_loai_hang_hoa` varchar(255) CHARACTER SET utf8mb4 COLLATE utf8mb4_general_ci NOT NULL,
  `active_status` enum('ACTIVE','IN_ACTIVE') CHARACTER SET utf8mb4 COLLATE utf8mb4_general_ci DEFAULT NULL,
  PRIMARY KEY (`id_loai_hang_hoa`)
) ENGINE=InnoDB AUTO_INCREMENT=13 DEFAULT CHARSET=utf8mb4 COLLATE=utf8mb4_general_ci;
/*!40101 SET character_set_client = @saved_cs_client */;

--
-- Dumping data for table `loaihanghoa`
--

LOCK TABLES `loaihanghoa` WRITE;
/*!40000 ALTER TABLE `loaihanghoa` DISABLE KEYS */;
INSERT INTO `loaihanghoa` VALUES (1,25,23,'Hnh l xch tay','ACTIVE'),(2,50,40,'Hnh l k gi','ACTIVE');
/*!40000 ALTER TABLE `loaihanghoa` ENABLE KEYS */;
UNLOCK TABLES;

--
-- Table structure for table `loaihoadon`
--

DROP TABLE IF EXISTS `loaihoadon`;
/*!40101 SET @saved_cs_client     = @@character_set_client */;
/*!50503 SET character_set_client = utf8mb4 */;
CREATE TABLE `loaihoadon` (
  `id_loai_hoa_don` int NOT NULL AUTO_INCREMENT,
  `mo_ta` varchar(255) CHARACTER SET utf8mb4 COLLATE utf8mb4_general_ci NOT NULL,
  `ten_loai_hoa_don` varchar(255) CHARACTER SET utf8mb4 COLLATE utf8mb4_general_ci NOT NULL,
  `active_status` enum('ACTIVE','IN_ACTIVE') CHARACTER SET utf8mb4 COLLATE utf8mb4_general_ci DEFAULT NULL,
  PRIMARY KEY (`id_loai_hoa_don`)
) ENGINE=InnoDB AUTO_INCREMENT=8 DEFAULT CHARSET=utf8mb4 COLLATE=utf8mb4_general_ci;
/*!40101 SET character_set_client = @saved_cs_client */;

--
-- Dumping data for table `loaihoadon`
--

LOCK TABLES `loaihoadon` WRITE;
/*!40000 ALTER TABLE `loaihoadon` DISABLE KEYS */;
INSERT INTO `loaihoadon` VALUES (1,'Ha n cho v my bay ni a','V my bay ni a','ACTIVE'),(2,'Ha n cho v my bay quc t','V my bay quc t','ACTIVE'),(3,'Ha n cho dch v hnh l','Dch v hnh l','ACTIVE'),(4,'Ha n cho thay i v','Thay i v','ACTIVE'),(5,'Ha n cho hon v','Hon v','ACTIVE'),(6,'Ha n cho dch v n ung','Dch v n ung trn my bay','ACTIVE'),(7,'Ha n cho dch v c bit','Dch v c bit','IN_ACTIVE');
/*!40000 ALTER TABLE `loaihoadon` ENABLE KEYS */;
UNLOCK TABLES;

--
-- Table structure for table `loaiquydinh`
--

DROP TABLE IF EXISTS `loaiquydinh`;
/*!40101 SET @saved_cs_client     = @@character_set_client */;
/*!50503 SET character_set_client = utf8mb4 */;
CREATE TABLE `loaiquydinh` (
  `id_loai_quy_dinh` int NOT NULL AUTO_INCREMENT,
  `mo_ta_loai_quy_dinh` varchar(255) CHARACTER SET utf8mb4 COLLATE utf8mb4_general_ci NOT NULL,
  `ten_loai_quy_dinh` varchar(255) CHARACTER SET utf8mb4 COLLATE utf8mb4_general_ci NOT NULL,
  `active_status` enum('ACTIVE','IN_ACTIVE') CHARACTER SET utf8mb4 COLLATE utf8mb4_general_ci DEFAULT NULL,
  PRIMARY KEY (`id_loai_quy_dinh`)
) ENGINE=InnoDB AUTO_INCREMENT=9 DEFAULT CHARSET=utf8mb4 COLLATE=utf8mb4_general_ci;
/*!40101 SET character_set_client = @saved_cs_client */;

--
-- Dumping data for table `loaiquydinh`
--

LOCK TABLES `loaiquydinh` WRITE;
/*!40000 ALTER TABLE `loaiquydinh` DISABLE KEYS */;
INSERT INTO `loaiquydinh` VALUES (1,'Quy nh v hnh l xch tay','Hnh l xch tay','ACTIVE'),(2,'Quy nh v hnh l k gi','Hnh l k gi','ACTIVE'),(3,'Quy nh v vic thay i v','Thay i v','ACTIVE'),(4,'Quy nh v hon v','Hon v','ACTIVE'),(5,'Quy nh v gi c mt ti sn bay','Gi c mt ti sn bay','ACTIVE'),(6,'Quy nh v an ninh hng khng','An ninh hng khng','ACTIVE'),(7,'Quy nh v sc khe ca hnh khch','Sc khe hnh khch','IN_ACTIVE'),(8,'Quy nh v dch v c bit','Dch v c bit','ACTIVE');
/*!40000 ALTER TABLE `loaiquydinh` ENABLE KEYS */;
UNLOCK TABLES;

--
-- Table structure for table `loaive`
--

DROP TABLE IF EXISTS `loaive`;
/*!40101 SET @saved_cs_client     = @@character_set_client */;
/*!50503 SET character_set_client = utf8mb4 */;
CREATE TABLE `loaive` (
  `id_loai_ve` int NOT NULL AUTO_INCREMENT,
  `mo_ta` varchar(255) CHARACTER SET utf8mb4 COLLATE utf8mb4_general_ci DEFAULT NULL,
  `ten_loai_ve` varchar(255) CHARACTER SET utf8mb4 COLLATE utf8mb4_general_ci NOT NULL,
  `active_status` enum('ACTIVE','IN_ACTIVE') CHARACTER SET utf8mb4 COLLATE utf8mb4_general_ci DEFAULT NULL,
  PRIMARY KEY (`id_loai_ve`)
) ENGINE=InnoDB AUTO_INCREMENT=3 DEFAULT CHARSET=utf8mb4 COLLATE=utf8mb4_general_ci;
/*!40101 SET character_set_client = @saved_cs_client */;

--
-- Dumping data for table `loaive`
--

LOCK TABLES `loaive` WRITE;
/*!40000 ALTER TABLE `loaive` DISABLE KEYS */;
INSERT INTO `loaive` VALUES (1,'y l loi v thng thng m hnh khch s dng  di chuyn t im ny n im khc bng my bay','V hnh khch','ACTIVE'),(2,'y l loi v m khng c hnh khch i km, ch dnh cho vic vn chuyn hng ha hoc hnh l','V hng ho','ACTIVE');
/*!40000 ALTER TABLE `loaive` ENABLE KEYS */;
UNLOCK TABLES;

--
-- Table structure for table `maybay`
--

DROP TABLE IF EXISTS `maybay`;
/*!40101 SET @saved_cs_client     = @@character_set_client */;
/*!50503 SET character_set_client = utf8mb4 */;
CREATE TABLE `maybay` (
  `id_may_bay` int NOT NULL AUTO_INCREMENT,
  `icao_may_bay` varchar(6) CHARACTER SET utf8mb4 COLLATE utf8mb4_general_ci DEFAULT NULL,
  `nam_san_xuat` int DEFAULT NULL,
  `so_cot_ghe_thuong` varchar(255) CHARACTER SET utf8mb4 COLLATE utf8mb4_general_ci NOT NULL,
  `so_cot_ghe_vip` varchar(255) CHARACTER SET utf8mb4 COLLATE utf8mb4_general_ci NOT NULL,
  `so_hang_ghe_thuong` int NOT NULL,
  `so_hang_ghe_vip` int NOT NULL,
  `so_hieu` varchar(255) CHARACTER SET utf8mb4 COLLATE utf8mb4_general_ci DEFAULT NULL,
  `ten_may_bay` varchar(255) CHARACTER SET utf8mb4 COLLATE utf8mb4_general_ci NOT NULL,
  `active_status` enum('ACTIVE','IN_ACTIVE') CHARACTER SET utf8mb4 COLLATE utf8mb4_general_ci DEFAULT NULL,
  `id_hang_bay` int DEFAULT NULL,
  `id_san_bay` int DEFAULT NULL,
  PRIMARY KEY (`id_may_bay`),
  KEY `FKh9wh3qx27sipide01n1scgu3x` (`id_hang_bay`),
  KEY `FK7y5fs380almga1981nhjipea7` (`id_san_bay`),
  CONSTRAINT `FK7y5fs380almga1981nhjipea7` FOREIGN KEY (`id_san_bay`) REFERENCES `sanbay` (`id_san_bay`),
  CONSTRAINT `FKh9wh3qx27sipide01n1scgu3x` FOREIGN KEY (`id_hang_bay`) REFERENCES `hangbay` (`id_hang_bay`)
) ENGINE=InnoDB AUTO_INCREMENT=20 DEFAULT CHARSET=utf8mb4 COLLATE=utf8mb4_general_ci;
/*!40101 SET character_set_client = @saved_cs_client */;

--
-- Dumping data for table `maybay`
--

LOCK TABLES `maybay` WRITE;
/*!40000 ALTER TABLE `maybay` DISABLE KEYS */;
INSERT INTO `maybay` VALUES (1,'B283',2015,'ABCDFG','ACDG',55,5,'VN-832','Airbus 320','ACTIVE',1,1),(2,'A032',2009,'ABCDFG','ACDG',55,5,'VN-832','Airbus 321','ACTIVE',2,2),(3,'A234',2022,'ABCDFG','ACDG',55,5,'VN-832','Airbus 432','ACTIVE',3,3),(4,'Z938',2017,'ABCDFG','ACDG',55,5,'VN-832','Boeling 879','ACTIVE',4,4),(5,'N938',2012,'ABCDFG','ACDG',55,5,'VN-832','Boeling 112','ACTIVE',5,5),(6,'J039',2000,'ABCDFG','ACDG',55,5,'VN-832','Boeing 832','ACTIVE',1,6),(7,'Q922',1999,'ABCDFG','ACDG',55,5,'VN-832','ATR 032','ACTIVE',2,7),(8,'K921',1998,'ABCDFG','ACDG',55,5,'VN-832','ATR 115','ACTIVE',3,8),(9,'P022',1997,'ABCDFG','ACDG',55,5,'VN-832','ATR 122','ACTIVE',4,9),(10,'Q923',1996,'ABCDFG','ACDG',55,5,'VN-832','ATR 443','ACTIVE',5,10),(11,'A344',2023,'ABCDFG','ACDG',55,5,'VN-531','Airbus VN821','ACTIVE',1,2),(12,'J021',2015,'ABCDFG','ACDG',45,5,'JP-292','Airbus 922 VietNam','ACTIVE',2,6),(13,'J011',2012,'ABCDFG','ACDG',42,5,'JP-291','Boeling 001 JP','ACTIVE',3,5),(14,'E322',2017,'ABCDFG','ACDG',43,3,'UI-653','QERT','ACTIVE',4,8),(15,'R322',2014,'SADFDD','AERF',55,5,'JI-543','sds','ACTIVE',1,2),(16,'A423',2011,'ABCDFG','ABCD',34,5,'VG-432','sdsfga','ACTIVE',2,3),(17,'D321',2017,'ABCDFG','ABCD',34,33,'RF-864','dfaasef','ACTIVE',2,4),(18,'GHD777',2024,'ABCDEF','KLMNOP',10,10,'VN-790','my bay 1','ACTIVE',1,2),(19,'ABC889',2024,'ABCDEF','GHJK',4,1,'VN-198','my bay 2','ACTIVE',1,1);
/*!40000 ALTER TABLE `maybay` ENABLE KEYS */;
UNLOCK TABLES;

--
-- Table structure for table `nhanvien`
--

DROP TABLE IF EXISTS `nhanvien`;
/*!40101 SET @saved_cs_client     = @@character_set_client */;
/*!50503 SET character_set_client = utf8mb4 */;
CREATE TABLE `nhanvien` (
  `id_nhan_vien` int NOT NULL AUTO_INCREMENT,
  `cccd` varchar(255) CHARACTER SET utf8mb4 COLLATE utf8mb4_general_ci DEFAULT NULL,
  `email` varchar(255) CHARACTER SET utf8mb4 COLLATE utf8mb4_general_ci NOT NULL,
  `gioi_tinh` enum('NAM','NU') CHARACTER SET utf8mb4 COLLATE utf8mb4_general_ci DEFAULT NULL,
  `ho_ten` varchar(255) CHARACTER SET utf8mb4 COLLATE utf8mb4_general_ci NOT NULL,
  `ngay_sinh` datetime(6) NOT NULL,
  `so_dien_thoai` varchar(255) CHARACTER SET utf8mb4 COLLATE utf8mb4_general_ci DEFAULT NULL,
  `active_status` enum('ACTIVE','IN_ACTIVE') CHARACTER SET utf8mb4 COLLATE utf8mb4_general_ci DEFAULT NULL,
  `id_chuc_vu` int DEFAULT NULL,
  `id_chuyen_bay` int DEFAULT NULL,
  PRIMARY KEY (`id_nhan_vien`),
  KEY `FK6lcafich3kgmxmjfkjcydqw4i` (`id_chuc_vu`),
  KEY `FKanjo3tfs2jjkdvvmn7p0hw3up` (`id_chuyen_bay`),
  CONSTRAINT `FK6lcafich3kgmxmjfkjcydqw4i` FOREIGN KEY (`id_chuc_vu`) REFERENCES `chucvu` (`id_chuc_vu`),
  CONSTRAINT `FKanjo3tfs2jjkdvvmn7p0hw3up` FOREIGN KEY (`id_chuyen_bay`) REFERENCES `chuyenbay` (`id_chuyen_bay`)
) ENGINE=InnoDB AUTO_INCREMENT=26 DEFAULT CHARSET=utf8mb4 COLLATE=utf8mb4_general_ci;
/*!40101 SET character_set_client = @saved_cs_client */;

--
-- Dumping data for table `nhanvien`
--

LOCK TABLES `nhanvien` WRITE;
/*!40000 ALTER TABLE `nhanvien` DISABLE KEYS */;
INSERT INTO `nhanvien` VALUES (1,'123456789012','nguyentankhang@gmail.com','NAM','Nguyn Tn Khang','2001-11-26 07:00:00.000000','0123456789','ACTIVE',3,NULL),(3,'532456211532','hoquanghieu@gmail.com','NAM','H Quang Hiu','2002-11-12 07:00:00.000000','0123562667','ACTIVE',1,38),(5,'123456789098','tv1@gmail.com','NU','tiep vien','2024-10-30 07:00:00.000000','0123456788','ACTIVE',2,26),(6,'123456789012','nv.a@example.com','NAM','Nguyen Van A','1990-01-01 00:00:00.000000','0123456789','ACTIVE',2,26),(7,'987654321098','tt.b@example.com','NU','Tran Thi B','1992-02-02 00:00:00.000000','0987654321','ACTIVE',1,26),(8,'567890123456','lv.c@example.com','NAM','Le Van C','1988-03-03 00:00:00.000000','0912345678','ACTIVE',2,26),(9,'654321098765','pt.d@example.com','NU','Pham Thi D','1995-04-04 00:00:00.000000','0908765432','ACTIVE',1,NULL),(10,'345678901234','dv.e@example.com','NAM','Do Van E','1987-05-05 00:00:00.000000','0934567890','ACTIVE',5,26),(11,'876543210987','vt.f@example.com','NU','Vo Thi F','1993-06-06 00:00:00.000000','0945678901','ACTIVE',1,NULL),(12,'456789012345','hv.g@example.com','NAM','Ho Van G','1991-07-07 00:00:00.000000','0923456789','ACTIVE',2,NULL),(13,'210987654321','nt.h@example.com','NU','Nguyen Thi H','1994-08-08 00:00:00.000000','0976543210','ACTIVE',1,NULL),(14,'678901234567','tv.i@example.com','NAM','Tran Van I','1986-09-09 00:00:00.000000','0898765432','ACTIVE',2,38),(15,'789012345678','pt.j@example.com','NU','Pham Thi J','1997-10-10 00:00:00.000000','0887654321','ACTIVE',1,NULL),(16,'890123456789','lv.k@example.com','NAM','Le Van K','1990-11-11 00:00:00.000000','0865432109','ACTIVE',5,NULL),(17,'901234567890','dt.l@example.com','NU','Do Thi L','1996-12-12 00:00:00.000000','0854321098','ACTIVE',5,38),(18,'012345678901','vv.m@example.com','NAM','Vo Van M','1989-01-13 00:00:00.000000','0843210987','ACTIVE',5,NULL),(19,'098765432109','ht.n@example.com','NU','Ho Thi N','1992-02-14 00:00:00.000000','0832109876','ACTIVE',2,NULL),(20,'567890123456','nv.o@example.com','NAM','Nguyen Van O','1988-03-15 00:00:00.000000','0821098765','ACTIVE',1,NULL),(21,'654321098765','tt.p@example.com','NU','Tran Thi P','1995-04-16 00:00:00.000000','0810987654','ACTIVE',2,26),(22,'345678901234','lv.q@example.com','NAM','Le Van Q','1993-05-17 00:00:00.000000','0809876543','ACTIVE',2,26),(23,'876543210987','pt.r@example.com','NU','Pham Thi R','1987-06-18 00:00:00.000000','0798765432','ACTIVE',2,26),(24,'456789012345','dv.s@example.com','NAM','Do Van S','1991-07-19 00:00:00.000000','0787654321','ACTIVE',2,26),(25,'210987654321','vt.t@example.com','NU','Vo Thi T','1994-08-20 00:00:00.000000','0776543210','ACTIVE',2,NULL);
/*!40000 ALTER TABLE `nhanvien` ENABLE KEYS */;
UNLOCK TABLES;

--
-- Table structure for table `phuongthucthanhtoan`
--

DROP TABLE IF EXISTS `phuongthucthanhtoan`;
/*!40101 SET @saved_cs_client     = @@character_set_client */;
/*!50503 SET character_set_client = utf8mb4 */;
CREATE TABLE `phuongthucthanhtoan` (
  `id_phuong_thuc_tt` int NOT NULL AUTO_INCREMENT,
  `mo_ta` varchar(255) CHARACTER SET utf8mb4 COLLATE utf8mb4_general_ci DEFAULT NULL,
  `ten_phuong_thuc` varchar(255) CHARACTER SET utf8mb4 COLLATE utf8mb4_general_ci NOT NULL,
  `active_status` enum('ACTIVE','IN_ACTIVE') CHARACTER SET utf8mb4 COLLATE utf8mb4_general_ci DEFAULT NULL,
  PRIMARY KEY (`id_phuong_thuc_tt`)
) ENGINE=InnoDB AUTO_INCREMENT=6 DEFAULT CHARSET=utf8mb4 COLLATE=utf8mb4_general_ci;
/*!40101 SET character_set_client = @saved_cs_client */;

--
-- Dumping data for table `phuongthucthanhtoan`
--

LOCK TABLES `phuongthucthanhtoan` WRITE;
/*!40000 ALTER TABLE `phuongthucthanhtoan` DISABLE KEYS */;
INSERT INTO `phuongthucthanhtoan` VALUES (1,'Thanh ton bng th tn dng','Credit Card','ACTIVE'),(2,'Thanh ton bng th tr gp','Installment Card','ACTIVE'),(3,'Thanh ton bng tin mt','Cash','ACTIVE'),(4,'Thanh ton bng chuyn khon ngn hng','Bank Transfer','ACTIVE'),(5,'Thanh ton bng v in t','E-Wallet','ACTIVE');
/*!40000 ALTER TABLE `phuongthucthanhtoan` ENABLE KEYS */;
UNLOCK TABLES;

--
-- Table structure for table `quacanh`
--

DROP TABLE IF EXISTS `quacanh`;
/*!40101 SET @saved_cs_client     = @@character_set_client */;
/*!50503 SET character_set_client = utf8mb4 */;
CREATE TABLE `quacanh` (
  `id_qua_canh` int NOT NULL AUTO_INCREMENT,
  `active_status` enum('ACTIVE','IN_ACTIVE') CHARACTER SET utf8mb4 COLLATE utf8mb4_general_ci DEFAULT NULL,
  `san_bay_bat_dau` int DEFAULT NULL,
  `flight_id` int NOT NULL,
  PRIMARY KEY (`id_qua_canh`),
  UNIQUE KEY `UKfk7gynah9547o4onyt72tpv09` (`flight_id`),
  KEY `FKqhvqv6bosx0fe1kq7ed6vu8ih` (`san_bay_bat_dau`),
  CONSTRAINT `FK6tn8jjk6g7sx0dbvpme1cb6pk` FOREIGN KEY (`flight_id`) REFERENCES `tuyenbay` (`id_tuyen_bay`),
  CONSTRAINT `FKqhvqv6bosx0fe1kq7ed6vu8ih` FOREIGN KEY (`san_bay_bat_dau`) REFERENCES `sanbay` (`id_san_bay`)
) ENGINE=InnoDB DEFAULT CHARSET=utf8mb4 COLLATE=utf8mb4_general_ci;
/*!40101 SET character_set_client = @saved_cs_client */;

--
-- Dumping data for table `quacanh`
--

LOCK TABLES `quacanh` WRITE;
/*!40000 ALTER TABLE `quacanh` DISABLE KEYS */;
/*!40000 ALTER TABLE `quacanh` ENABLE KEYS */;
UNLOCK TABLES;

--
-- Table structure for table `quocgia`
--

DROP TABLE IF EXISTS `quocgia`;
/*!40101 SET @saved_cs_client     = @@character_set_client */;
/*!50503 SET character_set_client = utf8mb4 */;
CREATE TABLE `quocgia` (
  `id_quoc_gia` int NOT NULL AUTO_INCREMENT,
  `ten_quoc_gia` varchar(255) CHARACTER SET utf8mb4 COLLATE utf8mb4_general_ci NOT NULL,
  `active_status` enum('ACTIVE','IN_ACTIVE') CHARACTER SET utf8mb4 COLLATE utf8mb4_general_ci DEFAULT NULL,
  PRIMARY KEY (`id_quoc_gia`)
) ENGINE=InnoDB AUTO_INCREMENT=5 DEFAULT CHARSET=utf8mb4 COLLATE=utf8mb4_general_ci;
/*!40101 SET character_set_client = @saved_cs_client */;

--
-- Dumping data for table `quocgia`
--

LOCK TABLES `quocgia` WRITE;
/*!40000 ALTER TABLE `quocgia` DISABLE KEYS */;
INSERT INTO `quocgia` VALUES (1,'Vit Nam','ACTIVE'),(2,'Nht Bn','ACTIVE'),(3,'Thi Lan','ACTIVE'),(4,'Hn Quc','ACTIVE');
/*!40000 ALTER TABLE `quocgia` ENABLE KEYS */;
UNLOCK TABLES;

--
-- Table structure for table `quydinh`
--

DROP TABLE IF EXISTS `quydinh`;
/*!40101 SET @saved_cs_client     = @@character_set_client */;
/*!50503 SET character_set_client = utf8mb4 */;
CREATE TABLE `quydinh` (
  `id_quy_dinh` int NOT NULL AUTO_INCREMENT,
  `noi_dung` varchar(255) CHARACTER SET utf8mb4 COLLATE utf8mb4_general_ci NOT NULL,
  `ten_quy_dinh` varchar(255) CHARACTER SET utf8mb4 COLLATE utf8mb4_general_ci NOT NULL,
  `thoi_gian_cap_nhat` datetime(6) DEFAULT NULL,
  `thoi_gian_tao` datetime(6) NOT NULL,
  `active_status` enum('ACTIVE','IN_ACTIVE') CHARACTER SET utf8mb4 COLLATE utf8mb4_general_ci DEFAULT NULL,
  `id_loai_quy_dinh` int NOT NULL,
  `id_nhan_vien` int NOT NULL,
  PRIMARY KEY (`id_quy_dinh`),
  KEY `FKbtvg160q13ti4s7k9ntgpd950` (`id_loai_quy_dinh`),
  KEY `FKr6f71j1tym8e5yrgfil8edqgx` (`id_nhan_vien`),
  CONSTRAINT `FKbtvg160q13ti4s7k9ntgpd950` FOREIGN KEY (`id_loai_quy_dinh`) REFERENCES `loaiquydinh` (`id_loai_quy_dinh`),
  CONSTRAINT `FKr6f71j1tym8e5yrgfil8edqgx` FOREIGN KEY (`id_nhan_vien`) REFERENCES `nhanvien` (`id_nhan_vien`)
) ENGINE=InnoDB DEFAULT CHARSET=utf8mb4 COLLATE=utf8mb4_general_ci;
/*!40101 SET character_set_client = @saved_cs_client */;

--
-- Dumping data for table `quydinh`
--

LOCK TABLES `quydinh` WRITE;
/*!40000 ALTER TABLE `quydinh` DISABLE KEYS */;
/*!40000 ALTER TABLE `quydinh` ENABLE KEYS */;
UNLOCK TABLES;

--
-- Table structure for table `quyen`
--

DROP TABLE IF EXISTS `quyen`;
/*!40101 SET @saved_cs_client     = @@character_set_client */;
/*!50503 SET character_set_client = utf8mb4 */;
CREATE TABLE `quyen` (
  `id_quyen` int NOT NULL AUTO_INCREMENT,
  `ten_quyen` varchar(255) CHARACTER SET utf8mb4 COLLATE utf8mb4_general_ci NOT NULL,
  `active_status` enum('ACTIVE','IN_ACTIVE') CHARACTER SET utf8mb4 COLLATE utf8mb4_general_ci DEFAULT NULL,
  PRIMARY KEY (`id_quyen`)
) ENGINE=InnoDB AUTO_INCREMENT=27 DEFAULT CHARSET=utf8mb4 COLLATE=utf8mb4_general_ci;
/*!40101 SET character_set_client = @saved_cs_client */;

--
-- Dumping data for table `quyen`
--

LOCK TABLES `quyen` WRITE;
/*!40000 ALTER TABLE `quyen` DISABLE KEYS */;
INSERT INTO `quyen` VALUES (1,'admin','ACTIVE'),(2,'user','ACTIVE'),(16,'Nhn vin bn v','ACTIVE'),(17,'Nhn vin iu hnh','ACTIVE'),(18,'th 4','ACTIVE'),(19,'th 5','ACTIVE'),(20,'th 6','ACTIVE'),(22,'th 7 n hi hi','ACTIVE'),(23,'klf hoi ham ham','ACTIVE'),(24,'thu 6 dui ze','IN_ACTIVE'),(25,'th 6 dui d','ACTIVE'),(26,'th 55','IN_ACTIVE');
/*!40000 ALTER TABLE `quyen` ENABLE KEYS */;
UNLOCK TABLES;

--
-- Table structure for table `refreshtoken`
--

DROP TABLE IF EXISTS `refreshtoken`;
/*!40101 SET @saved_cs_client     = @@character_set_client */;
/*!50503 SET character_set_client = utf8mb4 */;
CREATE TABLE `refreshtoken` (
  `id_refresh_token` varchar(255) CHARACTER SET utf8mb4 COLLATE utf8mb4_general_ci NOT NULL,
  `expiry_date` datetime(6) NOT NULL,
  `active_status` enum('ACTIVE','IN_ACTIVE') CHARACTER SET utf8mb4 COLLATE utf8mb4_general_ci DEFAULT NULL,
  `id_tai_khoan` int NOT NULL,
  PRIMARY KEY (`id_refresh_token`),
  KEY `FK1b2itp28ur5u2n7dsouoipoq5` (`id_tai_khoan`),
  CONSTRAINT `FK1b2itp28ur5u2n7dsouoipoq5` FOREIGN KEY (`id_tai_khoan`) REFERENCES `taikhoan` (`id_tai_khoan`)
) ENGINE=InnoDB DEFAULT CHARSET=utf8mb4 COLLATE=utf8mb4_general_ci;
/*!40101 SET character_set_client = @saved_cs_client */;

--
-- Dumping data for table `refreshtoken`
--

LOCK TABLES `refreshtoken` WRITE;
/*!40000 ALTER TABLE `refreshtoken` DISABLE KEYS */;
INSERT INTO `refreshtoken` VALUES ('005596b0-a582-4f82-bb7c-7073e2a0b98c','2024-10-21 23:06:31.000000','ACTIVE',1),('00f1cb27-2599-4c3a-8073-4ee7c62ce5ad','2024-10-22 10:04:35.000000','IN_ACTIVE',1),('04447116-a8ad-4281-b49d-bf2482e92986','2024-11-18 21:18:33.000000','IN_ACTIVE',3),('04455df8-1b98-44e2-90f3-78907845abce','2024-11-09 20:39:15.000000','ACTIVE',1),('04f2235f-3dc2-4cb5-8ba5-09c53187de05','2024-10-22 09:53:05.000000','ACTIVE',3),('06c5b3b3-034a-4f3d-8025-331f6eabe49f','2024-10-22 09:42:39.000000','ACTIVE',3),('0759d19c-81c3-4283-9454-92de8ce1d58c','2024-10-21 22:06:56.000000','IN_ACTIVE',1),('0816e1c6-2084-4713-8274-7b9cdde27be3','2024-11-16 10:07:18.000000','IN_ACTIVE',1),('08d7b74b-96db-4cc9-ae8d-a9bf645a0e9a','2024-10-22 08:35:39.000000','ACTIVE',3),('0af8e448-a152-4f6f-89d7-66a3d6efae7a','2024-11-28 16:01:24.000000','IN_ACTIVE',3),('0db1df4d-8041-4ed1-b381-94fdf0937a57','2024-10-22 00:07:23.000000','ACTIVE',1),('0e05aad8-6a9d-4ba8-9a9d-5dfc8028877f','2024-11-20 12:34:58.000000','ACTIVE',3),('0e830479-0814-4e15-9c5d-4d6d2405a940','2024-11-15 14:26:33.000000','ACTIVE',1),('0eb98bb7-db17-4820-a6cd-cec0fea63a6a','2024-11-10 14:18:49.000000','ACTIVE',3),('0f94832a-1ff3-472f-864e-9adbc92cf204','2024-11-14 18:53:33.000000','ACTIVE',1),('11be7599-d138-4668-a5f4-afd9e6c519c4','2024-11-17 11:41:49.000000','ACTIVE',1),('1371644f-1563-4a5c-a0dd-a25bff5d3390','2024-11-19 21:10:33.000000','IN_ACTIVE',1),('13862ed9-7c13-4fce-8eb1-d69adb5722f4','2024-11-19 17:16:39.000000','IN_ACTIVE',3),('147ba487-1521-4c1c-917a-529fe44fe91b','2024-11-18 19:14:59.000000','ACTIVE',1),('14dfab07-c8ea-4161-a8a8-16e956998f16','2024-11-20 12:22:52.000000','ACTIVE',3),('15cd2a05-544b-4019-9f12-29ee3b6eaa23','2024-11-16 11:04:07.000000','IN_ACTIVE',1),('17317d37-a607-4643-a847-7e210cfe20d0','2024-10-22 09:56:08.000000','IN_ACTIVE',3),('1b9e099f-0415-48f3-89fb-61e81d384e15','2024-11-14 15:45:27.000000','ACTIVE',1),('1c5dd81f-6c0f-4a3d-83c5-bc8010ea9b48','2024-10-23 14:01:34.000000','ACTIVE',3),('1ce32a0e-cc73-4657-aab7-1e3b706da8b8','2024-10-22 09:57:47.000000','ACTIVE',1),('1d26446e-04f5-4d06-80d8-0a0580ba1735','2024-10-21 23:33:47.000000','ACTIVE',1),('1daed382-c1a5-4401-9efc-9e6f5d702929','2024-11-16 11:14:28.000000','IN_ACTIVE',3),('1fa6bd64-8a26-4392-b3ac-b575454b9e3c','2024-11-10 14:35:56.000000','ACTIVE',3),('1fd20a69-8ad2-46c4-b0fc-52b1e67c96af','2024-11-10 08:08:18.000000','ACTIVE',3),('2159cec9-6c3a-4633-93fa-9ac49c17d1d7','2024-11-16 11:14:55.000000','ACTIVE',1),('21953ea6-5861-4281-a1b9-1ec06057fbfd','2024-10-22 09:49:44.000000','IN_ACTIVE',1),('249ae3c1-c183-40f9-a54c-8b6bbb67590d','2024-10-21 22:59:05.000000','ACTIVE',1),('25eae524-6180-4c18-bf5f-022d5e74084c','2024-10-21 23:36:00.000000','ACTIVE',1),('269c82c4-4aa8-448c-93b1-b3b0997d4ed5','2024-11-16 10:26:46.000000','IN_ACTIVE',1),('269f2233-6d44-423f-9083-5679e7b66422','2024-11-18 11:55:44.000000','ACTIVE',1),('2704e14c-a8fe-4018-96cc-df19ac9fadbc','2024-11-18 19:17:47.000000','ACTIVE',1),('275b5112-e197-4019-811f-ba412bf9d607','2024-11-28 17:52:21.000000','IN_ACTIVE',3),('27f014be-8015-4fe2-b60c-1a3979c8a590','2024-11-19 14:45:56.000000','IN_ACTIVE',1),('2aab0176-24ac-49ea-9c5e-d38371ad3bc4','2024-10-22 09:00:14.000000','ACTIVE',3),('2ab142ba-f882-4dff-9476-f1a7acdc1c8d','2024-10-22 09:40:59.000000','IN_ACTIVE',3),('2f55caed-0db0-4dec-9172-0c8b73adf976','2024-11-19 13:04:59.000000','IN_ACTIVE',3),('31101a49-2263-4b12-b9e8-72d0c4785438','2024-11-19 12:17:55.000000','IN_ACTIVE',3),('32e540cf-b3b1-4cae-81e9-563928e6503b','2024-10-22 00:12:20.000000','IN_ACTIVE',1),('3335ca7c-95ee-4eee-85b7-b62e29ed8d78','2024-10-21 22:55:44.000000','ACTIVE',1),('3369b83a-8eb3-4ab1-8b4a-2d3de63feb97','2024-11-16 11:17:23.000000','ACTIVE',1),('34c8badf-644e-4888-b250-e813ea860385','2024-10-22 09:05:03.000000','IN_ACTIVE',3),('353dce65-62a1-46fd-af9d-92656b434b96','2024-11-10 03:51:43.000000','ACTIVE',3),('35b33b26-965a-4e95-a41d-1d42cbd364ea','2024-10-22 09:04:17.000000','IN_ACTIVE',3),('35f07d2e-5913-423c-8863-a5bed97c57e6','2024-10-23 14:11:39.000000','ACTIVE',3),('380dfa7f-9ea5-431d-9b2b-783b96bb70e8','2024-10-21 23:02:36.000000','ACTIVE',1),('38e95c3a-61bd-4347-92bc-9e164fdbd475','2024-11-17 20:16:00.000000','IN_ACTIVE',3),('391ae6d7-4995-4232-b947-6a2eae65c10e','2024-11-19 14:25:05.000000','IN_ACTIVE',3),('3ba580b3-e6dc-4ff9-82f0-b2984f0b0ceb','2024-10-21 22:05:15.000000','ACTIVE',1),('3c9d0e4f-1250-435a-882f-85bf72365055','2024-10-22 09:26:45.000000','IN_ACTIVE',3),('3d7b960e-715e-40b6-a332-79f3774da274','2024-11-20 11:56:48.000000','ACTIVE',1),('3f2783e1-32cd-483a-8d54-1e987391b6e7','2024-11-15 14:58:42.000000','ACTIVE',1),('3ffeff10-c9df-4317-91f9-edb403911209','2024-10-25 15:51:10.000000','ACTIVE',3),('40e3c3e4-118f-435f-98ec-4d0edb920f0c','2024-11-15 22:22:04.000000','ACTIVE',1),('436d90fc-5a1b-49e2-93a0-0b6d86e840fa','2024-11-18 11:55:17.000000','IN_ACTIVE',3),('43a05589-4a27-4ad3-a8ea-8dbcc148200f','2024-11-19 14:55:30.000000','ACTIVE',1),('4510c4a3-a6e2-48c5-8ae1-abc06127a90f','2024-10-21 23:23:45.000000','IN_ACTIVE',1),('49a06030-168a-4695-aeb4-9c5bd307515e','2024-11-19 14:53:15.000000','IN_ACTIVE',1),('4b45a038-f004-4c57-90ed-5d79911d1f25','2024-10-23 15:17:50.000000','ACTIVE',3),('4bcbbfea-200d-4b74-9d30-bbaea5cc97d7','2024-11-15 10:58:34.000000','ACTIVE',1),('4c1dacd1-866c-4ddd-a50c-a066d6ffc852','2024-11-19 15:47:26.000000','IN_ACTIVE',1),('4c324565-e91f-4989-bf9a-2dd8d4cfc04a','2024-10-23 09:46:09.000000','ACTIVE',3),('4c9bd3d5-dd6a-406a-8695-4761af6d3dca','2024-10-23 15:46:33.000000','ACTIVE',1),('4d6f70b2-e9ca-4af0-a1bb-abc13713cab7','2024-11-18 19:19:53.000000','ACTIVE',3),('4ff801f4-7d73-4cec-a548-e21e2f4f3f88','2024-10-22 09:22:10.000000','ACTIVE',3),('5117367f-2adb-4b7c-aae3-c3b101025fcf','2024-10-28 21:12:45.000000','ACTIVE',1),('537fc986-39d0-4edf-98ef-b801621af974','2024-11-19 14:05:23.000000','ACTIVE',3),('538eb24c-f269-4348-a275-23e4319632f1','2024-11-03 15:39:42.000000','ACTIVE',1),('53917450-b752-4cfa-b07b-ebd83755e919','2024-11-16 11:49:17.000000','ACTIVE',1),('53a7eba6-6ea5-4350-9d3f-33cfd524eca8','2024-11-19 14:54:56.000000','IN_ACTIVE',1),('53aee6e0-0f86-430e-bc6c-1b90b10565f7','2024-11-19 12:57:15.000000','IN_ACTIVE',1),('54027d95-830d-43c5-8cd5-a2a5aef782c1','2024-11-03 15:28:38.000000','IN_ACTIVE',3),('5b294a8a-d788-4df1-96fe-2bc08dd07a77','2024-11-15 11:03:39.000000','IN_ACTIVE',3),('5b29acae-bc69-43b3-a8ec-3c43a463ec24','2024-10-22 00:06:03.000000','IN_ACTIVE',1),('5c895889-b18c-413a-a0d9-da0fabef40c7','2024-10-22 09:26:22.000000','IN_ACTIVE',3),('5e2f13e4-0e94-4303-975d-8e3510e6068b','2024-11-19 12:31:07.000000','IN_ACTIVE',1),('607e1ad1-fbea-44e7-8c89-945cc749ab1c','2024-10-22 08:40:12.000000','ACTIVE',3),('60be585e-eea6-4f9e-9636-dbf61957d0d2','2024-12-03 21:27:41.000000','ACTIVE',1),('6233263a-5542-472b-bed7-5eb23791e46a','2024-11-20 11:48:47.000000','ACTIVE',1),('632a701d-1f44-4c7c-afff-91e39010006f','2024-11-10 03:03:00.000000','ACTIVE',1),('6395b5c4-e453-4d1d-a1ef-f20ae0e29a6e','2024-11-16 09:59:51.000000','IN_ACTIVE',1),('64eaac0c-c5f6-490a-b90f-aca5f01d9d87','2024-11-15 23:19:01.000000','IN_ACTIVE',1),('64f3db7f-9c2d-4cdd-8717-87e30afd8e60','2024-10-22 09:57:10.000000','ACTIVE',1),('6506eb7a-5397-49c1-830a-066a621fffab','2024-10-22 09:33:09.000000','ACTIVE',3),('65d91618-1844-45f1-ba26-ae16335ce658','2024-10-22 09:05:14.000000','ACTIVE',3),('667b9ddd-bb6f-4e17-8d01-65486feb5cac','2024-10-22 09:17:34.000000','ACTIVE',3),('6795824d-ebf8-4272-a52b-8f6aea315728','2024-10-22 09:54:38.000000','IN_ACTIVE',1),('6850e611-c050-4972-a906-ec2e94f98dc9','2024-12-03 22:07:59.000000','IN_ACTIVE',1),('68ecbabb-2610-4b58-89bd-bcca7d0d732e','2024-12-03 21:30:40.000000','IN_ACTIVE',1),('6987f3e9-e4b4-4b24-9819-065c3f3babb4','2024-10-22 08:38:28.000000','ACTIVE',3),('69af16a8-ca57-432d-885b-a1ced00e0cfe','2024-11-09 20:34:13.000000','ACTIVE',1),('69d935bc-0d71-48d9-a32f-cb7232b2d4a1','2024-11-20 12:22:42.000000','ACTIVE',3),('6b263ac0-0ef9-40ad-bf8e-d229468af360','2024-10-22 10:13:06.000000','ACTIVE',1),('6f301d63-d6fb-4cc8-8d56-3a0afba00a32','2024-10-28 14:32:44.000000','ACTIVE',1),('6fd121af-47ae-4c5d-97a9-9f85deb18a76','2024-12-05 16:37:38.000000','ACTIVE',1),('701aec67-58cc-465b-8daf-60e89b604204','2024-10-22 10:17:24.000000','ACTIVE',1),('702469e1-f32f-475b-a2e5-1effdb03754d','2024-11-19 11:21:42.000000','IN_ACTIVE',13),('710af1e9-a40c-43d7-a4b0-498d87bb5331','2024-10-21 23:32:34.000000','ACTIVE',1),('718a8a47-c3a4-4f35-8c05-c2db113546f9','2024-11-19 14:52:49.000000','IN_ACTIVE',1),('72f857c4-c597-48e8-b87b-04732bedea3e','2024-11-19 12:18:43.000000','IN_ACTIVE',3),('7420abf3-473a-4272-aa68-214eee1b0099','2024-11-17 20:29:28.000000','ACTIVE',3),('75540c74-a4ca-46c1-836c-8045b499772b','2024-10-28 14:31:31.000000','ACTIVE',1),('7732382b-9850-4961-83e3-bd4bdb9eac61','2024-10-22 09:24:16.000000','IN_ACTIVE',3),('78136c62-33bd-4853-827f-6692a00f427a','2024-11-03 15:31:14.000000','IN_ACTIVE',3),('78cb042f-b636-44a1-9017-b530c70da6a7','2024-11-15 23:29:36.000000','ACTIVE',1),('78ed0963-3595-4b1b-a4f0-846e8fc20c62','2024-10-22 09:55:08.000000','IN_ACTIVE',3),('790f01ee-56d2-4c8a-b37f-11ddbe69ebe3','2024-10-22 08:41:59.000000','ACTIVE',3),('7a31269f-c5cc-4755-8c2c-24c5627a9e27','2024-10-22 08:36:13.000000','ACTIVE',3),('7ace6805-060e-45c5-a73b-2d0b15126870','2024-10-22 08:28:24.000000','ACTIVE',3),('7bda04d3-88f0-45f7-bcaa-2def567a48ac','2024-10-22 00:14:55.000000','ACTIVE',1),('7c3d7104-05fe-4e0b-b488-42959454e547','2024-11-16 09:23:10.000000','IN_ACTIVE',1),('7e18c8ac-a1f3-4911-ad1b-733d8def5e8c','2024-10-28 21:07:54.000000','ACTIVE',1),('7edace73-87fb-4b53-b08b-84fd1f94b4a8','2024-10-23 14:01:15.000000','ACTIVE',3),('7fec16bf-234c-4a41-9cbd-274f2828a238','2024-11-13 15:06:35.000000','ACTIVE',1),('8114ff48-72f8-4715-9eb4-89b8e0bd413e','2024-10-23 14:21:38.000000','ACTIVE',3),('83131376-4364-468b-96d2-8f6a3d6bc887','2024-11-20 12:10:43.000000','ACTIVE',3),('85616894-899a-4683-b071-6f5a2e74d498','2024-11-19 12:10:11.000000','ACTIVE',1),('8578355d-b2fd-46be-ae53-0165c8957820','2024-11-17 20:29:53.000000','IN_ACTIVE',3),('859c1eba-8bcd-4506-81c3-60db85ffb535','2024-10-23 15:37:52.000000','ACTIVE',3),('85bb9093-fe51-47b8-b134-b18bb26dd63e','2024-11-18 19:37:12.000000','ACTIVE',3),('8655a27f-5f7e-4b2b-b3b0-10a15cd745a3','2024-10-21 23:24:31.000000','ACTIVE',1),('870bf8e6-ac4e-47ba-b3f8-9b856fcfc696','2024-11-12 21:23:11.000000','ACTIVE',1),('892a54be-3cc4-4236-bd1c-800d176e2bfe','2024-12-03 21:58:26.000000','IN_ACTIVE',1),('8986e21f-e16d-449d-bf7f-eed1043b0017','2024-11-20 12:22:36.000000','ACTIVE',3),('89968713-4d5b-4503-9e8c-cc4c77fe6565','2024-10-22 10:19:40.000000','IN_ACTIVE',1),('8a4262ff-e68a-4450-be73-c7f39b3b1109','2024-11-20 14:15:27.000000','ACTIVE',3),('8a55a36d-f5b9-49cd-b8eb-8a4a47056d2b','2024-10-22 09:31:28.000000','ACTIVE',3),('8b00db48-7c4f-4733-87b3-d2a8fe51d5d5','2024-10-22 09:30:21.000000','IN_ACTIVE',3),('8befe763-42a5-48a8-a28f-8133e251a950','2024-11-18 19:14:20.000000','ACTIVE',1),('8de4e721-57a7-4400-9019-150458c7f278','2024-11-20 12:37:22.000000','ACTIVE',3),('8ea860ae-654f-4bf0-9295-bd59c0cd3b12','2024-11-13 14:39:30.000000','ACTIVE',1),('8eec82cb-7f62-4ee4-a664-73bb7d87cc33','2024-11-03 19:56:29.000000','ACTIVE',1),('901f7da8-d7a5-4ab8-b864-afaf9e6f9060','2024-11-15 21:47:55.000000','ACTIVE',1),('91152f5d-4c3d-4d24-b500-3b5504c77903','2024-10-22 08:41:48.000000','IN_ACTIVE',3),('91bf47d6-6839-448b-be1e-82b60ea9cbc7','2024-10-22 09:12:46.000000','IN_ACTIVE',3),('91d5854c-07e9-472a-b805-f4bd152951e5','2024-11-16 16:32:26.000000','IN_ACTIVE',1),('92e5a723-079f-4875-81a0-bf59efb53a35','2024-11-19 15:29:07.000000','ACTIVE',1),('92eb4b0b-71bc-426a-b22e-9c0dc3f4407c','2024-10-22 09:42:04.000000','IN_ACTIVE',3),('9385b39d-51a3-440a-ad7a-32181bfe2f9e','2024-11-15 23:11:52.000000','IN_ACTIVE',1),('95068b7d-ce8c-4d48-9c60-ce55335f634f','2024-11-09 22:05:45.000000','ACTIVE',1),('952808fb-8af4-4cb0-8fa4-43e960d949a0','2024-11-06 01:22:25.000000','ACTIVE',1),('96708ca6-b11d-4b4e-a30b-07f3c75b6227','2024-10-22 00:09:19.000000','IN_ACTIVE',1),('9690c6a2-7a1f-43b2-a806-fe93479b3651','2024-11-19 13:25:11.000000','IN_ACTIVE',3),('97516ca2-eab3-453b-b3d7-1c2fcf479e40','2024-11-10 15:48:39.000000','ACTIVE',3),('982363df-7115-49cf-8755-6c0b6cbd07d2','2024-10-22 09:52:20.000000','ACTIVE',1),('98f1e2fe-8c47-4be6-aa1e-fae5811081fb','2024-11-18 19:57:51.000000','ACTIVE',3),('992a3dc2-c268-46c6-bffd-5c2b680e31c2','2024-10-22 00:19:50.000000','ACTIVE',1),('9a10b207-e88a-4a22-a964-5e2ccc587594','2024-11-17 20:43:16.000000','ACTIVE',1),('9a2ccecc-cb14-43ae-a6f8-86bf38e71a5d','2024-11-20 10:31:38.000000','IN_ACTIVE',1),('9a774b54-e706-46e1-84c3-5e7785c066c4','2024-11-09 21:40:22.000000','ACTIVE',1),('9a8618ed-4023-4f9b-9f90-f40f7f200350','2024-11-19 13:29:22.000000','ACTIVE',3),('9bbb7ce6-5fa8-47a5-ae8d-923a64dd9468','2024-11-10 03:48:23.000000','IN_ACTIVE',1),('9c7062a2-da45-482e-b44c-120820bb8f1c','2024-10-21 22:01:30.000000','ACTIVE',1),('9c8a3e39-ef44-4820-b7c6-16416919d73e','2024-10-22 08:59:34.000000','IN_ACTIVE',3),('9cffefb2-6455-4b18-b1e4-94477d536480','2024-11-03 15:44:34.000000','IN_ACTIVE',3),('9d1b4aae-7b8a-4d82-a928-c395397d6436','2024-11-10 03:43:11.000000','ACTIVE',1),('9d255d2c-7b01-4c49-a852-6490bab8fa74','2024-10-21 22:52:53.000000','ACTIVE',1),('9dd6f9cb-6c09-42af-b841-41882f300a78','2024-11-15 11:03:28.000000','ACTIVE',1),('9eef5bfd-ccc8-41fd-aba9-56e2a9c65cfa','2024-11-14 21:58:08.000000','ACTIVE',1),('9fa45b06-da74-4972-b3c8-153e57454e58','2024-10-21 21:59:00.000000','ACTIVE',1),('9fcf7699-201c-4cd5-829e-6e27292c89e8','2024-11-16 10:28:08.000000','ACTIVE',1),('a034d951-bd9c-44d5-9bf8-8ffb84577f0e','2024-11-19 11:44:20.000000','IN_ACTIVE',3),('a09eb29b-8dfb-4f88-a3bd-8b4bda033fb9','2024-10-28 14:32:06.000000','ACTIVE',1),('a1f650f6-24eb-4c11-8d04-9caa766d579c','2024-11-10 03:54:46.000000','ACTIVE',1),('a32d5f1c-ed8c-4fa2-a84d-4fd7fe1376cb','2024-11-10 15:48:02.000000','IN_ACTIVE',1),('a3502e5e-1874-4936-8963-c7ed18338cf6','2024-10-21 22:52:37.000000','ACTIVE',1),('a35a5b2d-e5f7-4287-a8f4-42c117ff513d','2024-10-21 22:49:02.000000','ACTIVE',1),('a58ddd80-6ead-42ce-8a85-9b6caae4032d','2024-10-21 23:27:28.000000','IN_ACTIVE',1),('a6ba46d0-7b27-427f-aba2-a68a6a6dde6f','2024-11-12 21:00:37.000000','ACTIVE',3),('a70becfc-d86e-4432-ac81-7057c67c3b1b','2024-10-22 09:50:01.000000','ACTIVE',1),('a92a728a-321e-4745-a318-fa4fc3581738','2024-11-16 09:28:44.000000','ACTIVE',1),('a9304b61-86d6-40e4-9d24-72d770924c00','2024-11-03 14:52:06.000000','IN_ACTIVE',1),('aafca342-ce08-48c1-8561-75b7bff6886e','2024-11-16 00:06:26.000000','IN_ACTIVE',1),('ac88a416-3c7d-4c92-a48e-838b714e8be0','2024-11-16 11:12:33.000000','IN_ACTIVE',1),('ac9d534d-604d-438c-a888-aa6de2348d06','2024-11-19 12:18:17.000000','ACTIVE',1),('acd382fd-b3d6-4729-9d00-d8f51ee3f3c8','2024-10-22 08:29:08.000000','ACTIVE',3),('ad16ad00-7584-4ddb-a55a-ec5113050993','2024-11-19 14:53:19.000000','IN_ACTIVE',1),('aec2fa28-1cd2-44c8-94cd-ba86f0e075b1','2024-11-19 12:28:30.000000','IN_ACTIVE',1),('aefc83dd-7f8c-4c38-bf8d-405e44242831','2024-11-20 11:55:02.000000','IN_ACTIVE',1),('af49cd20-c26a-4dd8-b530-7e522100484b','2024-10-21 23:19:34.000000','ACTIVE',1),('af702789-1169-4ff0-a91a-f7730ca1ffd8','2024-11-10 07:51:14.000000','ACTIVE',3),('afadcebb-6e64-45ec-aaaf-9ae3c4bc70ab','2024-11-08 01:50:51.000000','ACTIVE',1),('afbc6717-b643-424b-b9e3-779c2e8dbcec','2024-11-19 14:23:00.000000','IN_ACTIVE',3),('b0b31e20-3ffc-450e-8407-c054eb040e42','2024-12-03 22:02:08.000000','IN_ACTIVE',1),('b0d4ab05-f7a2-42a8-9e32-d8d28e11301b','2024-11-20 11:57:42.000000','ACTIVE',3),('b1c0c517-de99-4f05-82cc-126a04471c57','2024-10-23 15:45:55.000000','IN_ACTIVE',1),('b1e0d6f7-07f1-4ce1-a98e-df461a794c06','2024-11-19 12:44:33.000000','IN_ACTIVE',3),('b1fdf73d-8f78-4ce3-a9b2-69acdcdc4863','2024-10-22 09:25:10.000000','IN_ACTIVE',3),('b6aa9d03-4389-40d9-a9a7-52a509e84b90','2024-10-22 10:18:14.000000','ACTIVE',1),('b75217bd-7493-4716-9484-abd03a3cd2e4','2024-11-17 15:33:53.000000','ACTIVE',1),('b82824eb-bc5a-4c8e-a35a-8ca9f6ec963c','2024-11-16 00:18:35.000000','ACTIVE',1),('b8741606-ddaf-4373-bd54-aa5f2cabb767','2024-11-16 09:44:13.000000','ACTIVE',1),('ba585516-5472-4259-9e35-b42410e35447','2024-11-16 16:39:21.000000','ACTIVE',1),('bb1aeb28-4e8b-437f-9dbf-646e347a32b6','2024-10-22 09:58:48.000000','IN_ACTIVE',3),('bbbf221c-5856-4001-9c09-ca8cfd83df8e','2024-11-19 12:30:49.000000','IN_ACTIVE',1),('bd182a6b-3d0d-4d15-afe1-00d460353601','2024-10-22 10:19:59.000000','IN_ACTIVE',3),('bd2755a6-7ecc-4e26-b9cd-8f41772b52ec','2024-11-16 12:16:29.000000','ACTIVE',3),('be055a15-3b94-4ebe-b5ce-5cde876b5f10','2024-10-28 21:12:33.000000','ACTIVE',1),('c07ed099-b3ff-45a1-b34d-0eacad3eab05','2024-11-19 12:23:24.000000','IN_ACTIVE',1),('c10d95b2-d56d-4370-86b4-81880bfda527','2024-11-20 12:47:38.000000','ACTIVE',3),('c1256540-01f1-4e31-a621-cc8fe8c8d36b','2024-11-08 21:45:12.000000','ACTIVE',1),('c1a251fa-6096-418f-8bee-fe7f935bc10d','2024-11-19 17:16:48.000000','IN_ACTIVE',1),('c24acdc9-18f2-4310-9588-81a41494d79b','2024-11-17 20:27:34.000000','IN_ACTIVE',3),('c28989bf-224e-4163-be4d-e9ee451136cb','2024-11-19 12:18:38.000000','ACTIVE',1),('c43d8c67-298b-46bc-9e60-735baa746767','2024-11-19 12:31:15.000000','IN_ACTIVE',1),('c532a33d-e54f-48a4-8551-d55e63515608','2024-12-03 21:14:54.000000','IN_ACTIVE',3),('c5576270-fd6d-40bf-a785-208031c6abf4','2024-11-15 00:40:28.000000','ACTIVE',1),('c57bdc41-b5b4-4ade-95e6-13eadfa4fea3','2024-11-19 21:10:15.000000','IN_ACTIVE',1),('c6d1c44f-1d04-42db-b823-e0ec4976bdcd','2024-11-10 14:46:02.000000','ACTIVE',1),('c7eb5cc7-19c8-4590-afe6-3db5a0b8fca5','2024-11-12 21:35:39.000000','ACTIVE',1),('c8b9ee68-f530-41e5-aa67-af4871a25d66','2024-11-19 12:31:00.000000','IN_ACTIVE',1),('c9ea915b-f6a0-42df-ba08-7100dce1b4c4','2024-11-10 02:40:35.000000','ACTIVE',1),('ca08df63-7b0b-4dfa-96e9-aa2cb3e5b151','2024-10-23 15:11:40.000000','ACTIVE',3),('cc169540-3af4-4c28-9505-0f26865c4373','2024-11-20 11:59:03.000000','ACTIVE',3),('cc4c44ba-ee16-4d0c-aebc-3087998a5267','2024-10-22 09:49:14.000000','ACTIVE',1),('cd753bfd-1d2f-48bb-b17e-7598daa3b3fb','2024-11-19 12:30:30.000000','IN_ACTIVE',1),('ce689d78-185d-4a75-b152-b16944575ecd','2024-11-10 14:35:55.000000','ACTIVE',3),('d00e8a2b-cd6d-438b-8212-704885a806e5','2024-11-16 10:54:45.000000','IN_ACTIVE',1),('d240e4cc-8f20-4fe4-89e3-522b275e09a2','2024-10-28 14:31:09.000000','ACTIVE',1),('d2a768af-dfb5-4073-9159-858b5a3b07ee','2024-11-16 10:17:07.000000','IN_ACTIVE',1),('d47d6e95-1a01-48ea-b0b5-b2c30919b741','2024-10-22 09:15:40.000000','ACTIVE',3),('d7f1dbdc-b184-4442-b10f-dca398caa967','2024-11-15 11:10:05.000000','ACTIVE',1),('d9843600-5181-4210-9f7a-d5bd7f164dc7','2024-11-17 20:43:26.000000','ACTIVE',3),('db331f5e-5b69-4d97-9ca3-bf67bd17a8ce','2024-10-23 14:24:33.000000','ACTIVE',3),('dca30b3f-17c2-4f50-806d-2a1247a13714','2024-11-19 16:02:31.000000','ACTIVE',14),('dd54eeba-29de-4baf-a498-ab8323c63721','2024-10-22 08:39:03.000000','ACTIVE',3),('de2a1891-d47c-48f4-8536-1049a910384e','2024-10-28 21:11:48.000000','ACTIVE',1),('de76ac62-06e8-43a9-825e-7ce257ee2be0','2024-11-10 15:47:47.000000','ACTIVE',3),('e2071152-e7ba-4da3-b1cf-d37e82b4bbca','2024-10-21 23:29:11.000000','IN_ACTIVE',1),('e24cb918-e282-491d-96a8-1a475e3243bd','2024-10-23 14:19:09.000000','ACTIVE',3),('e5093b03-4968-461f-b7af-977bed1993d5','2024-11-19 13:47:48.000000','ACTIVE',3),('e7276084-d56c-4fad-a773-41a409b51e55','2024-11-15 23:12:50.000000','IN_ACTIVE',1),('e74f127d-9319-4d77-80ac-2f40303de576','2024-10-21 23:24:45.000000','IN_ACTIVE',1),('e99c2b2b-d377-4724-8ef6-bf015297aac1','2024-10-23 15:22:09.000000','ACTIVE',3),('e99f5ab1-690b-4623-8012-1d164b7f7c9f','2024-11-13 15:03:22.000000','ACTIVE',1),('e9b9d7f5-cfd8-4981-82c1-d840ecbeb8e2','2024-11-15 23:56:11.000000','IN_ACTIVE',1),('eaf3ba3c-bfb3-44d1-96a3-5436e284dc9f','2024-11-20 11:56:52.000000','ACTIVE',3),('eb74630c-8a2c-47ee-9e3b-24a8e0ecbcc1','2024-11-18 19:16:52.000000','IN_ACTIVE',3),('ebc0b453-91a8-4e7f-aca6-4f3056c2eafc','2024-11-20 12:03:59.000000','ACTIVE',3),('ec0de08b-2943-4048-8a45-6344abca1383','2024-10-22 08:38:49.000000','ACTIVE',3),('ef1e9666-25e5-4dda-be04-4c0fd6e35a33','2024-10-22 00:16:08.000000','IN_ACTIVE',1),('ef602f99-9588-4168-9483-5526fcf412b4','2024-12-03 21:16:05.000000','IN_ACTIVE',1),('f043d18f-2f62-4509-a1d1-28f63b1f4b7b','2024-11-14 17:03:55.000000','ACTIVE',1),('f0466ee9-5ad3-4063-b418-775688b02817','2024-10-22 10:11:04.000000','IN_ACTIVE',1),('f1bdb14f-ef6a-40f3-a855-f01ff27819c9','2024-11-19 17:36:42.000000','ACTIVE',1),('f202f37a-ae53-4c8b-aaec-db38609ddc99','2024-10-22 09:12:59.000000','ACTIVE',3),('f25ef48b-18ca-4e0b-9e4d-ca755e0b0ca4','2024-11-10 15:47:21.000000','IN_ACTIVE',1),('f3371aa8-ed66-45e8-a9be-7ada524a7ee3','2024-11-10 08:24:37.000000','ACTIVE',3),('f34aa7f9-4255-405d-b0ee-2e82a25670f6','2024-11-19 17:16:14.000000','IN_ACTIVE',1),('f49b319d-8220-48c7-b284-00e34bfd5786','2024-11-03 14:57:39.000000','IN_ACTIVE',3),('f4cac853-9d9f-43a7-ba28-48d57bcd70f7','2024-10-22 08:37:02.000000','ACTIVE',3),('f643636d-5593-46a6-ae73-bc421b7fd539','2024-11-17 18:30:27.000000','ACTIVE',7),('f67273cc-38e8-4b47-b980-022b4fbf2f1f','2024-10-21 23:08:58.000000','ACTIVE',1),('f69d5418-1099-4b91-9d64-660cde17161b','2024-12-05 16:36:52.000000','ACTIVE',1),('f934ae88-e263-4e0a-9a69-147f6ae96441','2024-11-14 23:54:07.000000','ACTIVE',1),('faffbbcd-1a80-4767-85eb-76c7868b96f5','2024-10-22 09:39:26.000000','ACTIVE',3),('fc72d1e0-8943-42b2-8abc-c25cfe45ae22','2024-11-19 13:08:05.000000','ACTIVE',3),('fcc3218e-a376-4305-9dc5-7e890a905456','2024-11-03 15:54:26.000000','ACTIVE',1),('fe1777e2-64d7-4f53-87f9-499e2e684718','2024-11-19 14:53:11.000000','IN_ACTIVE',1),('ff347f26-8fcd-48e5-aec3-134e72b16c2e','2024-11-19 11:53:02.000000','ACTIVE',1),('ffc24861-43dd-4b1a-af64-1d7ce6ba4555','2024-12-05 15:43:04.000000','ACTIVE',1);
/*!40000 ALTER TABLE `refreshtoken` ENABLE KEYS */;
UNLOCK TABLES;

--
-- Table structure for table `sanbay`
--

DROP TABLE IF EXISTS `sanbay`;
/*!40101 SET @saved_cs_client     = @@character_set_client */;
/*!50503 SET character_set_client = utf8mb4 */;
CREATE TABLE `sanbay` (
  `id_san_bay` int NOT NULL AUTO_INCREMENT,
  `dia_chi` varchar(255) CHARACTER SET utf8mb4 COLLATE utf8mb4_general_ci DEFAULT NULL,
  `iata_san_bay` varchar(3) CHARACTER SET utf8mb4 COLLATE utf8mb4_general_ci DEFAULT NULL,
  `icao_san_bay` varchar(4) CHARACTER SET utf8mb4 COLLATE utf8mb4_general_ci DEFAULT NULL,
  `ten_san_bay` varchar(255) CHARACTER SET utf8mb4 COLLATE utf8mb4_general_ci NOT NULL,
  `active_status` enum('ACTIVE','IN_ACTIVE') CHARACTER SET utf8mb4 COLLATE utf8mb4_general_ci DEFAULT NULL,
  `id_thanh_pho` int DEFAULT NULL,
  PRIMARY KEY (`id_san_bay`),
  KEY `FK72mtgddpdkd3j6xehjb1jyf7r` (`id_thanh_pho`),
  CONSTRAINT `FK72mtgddpdkd3j6xehjb1jyf7r` FOREIGN KEY (`id_thanh_pho`) REFERENCES `thanhpho` (`id_thanh_pho`)
) ENGINE=InnoDB AUTO_INCREMENT=12 DEFAULT CHARSET=utf8mb4 COLLATE=utf8mb4_general_ci;
/*!40101 SET character_set_client = @saved_cs_client */;

--
-- Dumping data for table `sanbay`
--

LOCK TABLES `sanbay` WRITE;
/*!40000 ALTER TABLE `sanbay` DISABLE KEYS */;
INSERT INTO `sanbay` VALUES (1,'ng V Nguyn Gip, H Ch Minh','SGN','VVTS','Sn bay Quc t Tn Sn Nht','ACTIVE',1),(2,'ng Ph Minh, H Ni','HAN','VVNB','Sn bay Quc t Ni Bi','ACTIVE',2),(3,'Sn bay Quc t  Nng','DAD','VVDN','Sn bay Quc t  Nng','ACTIVE',3),(4,'Sn bay Quc t Cam Ranh, Khnh Ha','CXR','VVKH','Sn bay Quc t Cam Ranh','ACTIVE',4),(5,'Sn bay Ph Ct','NRT','RJAA','Sn bay Ph Ct','ACTIVE',5),(6,'Sn bay Gia Lai','KIX','RJBB','Sn bay Gia Lai','ACTIVE',6),(7,'Sn bay H Tnh','HKT','VTBS','Sn bay H Tnh','ACTIVE',7),(8,'Sn bay Hi Phng','BKK','VTBS','Sn bay Hi Phng','ACTIVE',8),(9,'Sn bay in Bin','ICN','RKSI','Sn bay in Bin','ACTIVE',9),(10,'Sn bay Hu','CJU','RKPC','Sn bay Hu','ACTIVE',10);
/*!40000 ALTER TABLE `sanbay` ENABLE KEYS */;
UNLOCK TABLES;

--
-- Table structure for table `taikhoan`
--

DROP TABLE IF EXISTS `taikhoan`;
/*!40101 SET @saved_cs_client     = @@character_set_client */;
/*!50503 SET character_set_client = utf8mb4 */;
CREATE TABLE `taikhoan` (
  `id_tai_khoan` int NOT NULL AUTO_INCREMENT,
  `mat_khau` varchar(255) CHARACTER SET utf8mb4 COLLATE utf8mb4_general_ci NOT NULL,
  `refresh_password_token` varchar(255) CHARACTER SET utf8mb4 COLLATE utf8mb4_general_ci DEFAULT NULL,
  `so_lan_nhap_sai` int DEFAULT NULL,
  `ten_dang_nhap` varchar(255) CHARACTER SET utf8mb4 COLLATE utf8mb4_general_ci NOT NULL,
  `thoi_gian_tao` date NOT NULL,
  `active_status` enum('ACTIVE','IN_ACTIVE') CHARACTER SET utf8mb4 COLLATE utf8mb4_general_ci DEFAULT NULL,
  `id_khach_hang` int DEFAULT NULL,
  `id_nhan_vien` int DEFAULT NULL,
  `id_quyen` int NOT NULL,
  PRIMARY KEY (`id_tai_khoan`),
  UNIQUE KEY `UKeyb9jxcqdm1k4sxs5xo7yuqua` (`id_khach_hang`),
  UNIQUE KEY `UK5nrwuf2q71be4snnxp7id1gdh` (`id_nhan_vien`),
  KEY `FKcowur9scqvpursqeq2rgu4f4i` (`id_quyen`),
  CONSTRAINT `FKcowur9scqvpursqeq2rgu4f4i` FOREIGN KEY (`id_quyen`) REFERENCES `quyen` (`id_quyen`),
  CONSTRAINT `FKdyhcp7xy72ogx5fcnit9eyl0o` FOREIGN KEY (`id_nhan_vien`) REFERENCES `nhanvien` (`id_nhan_vien`),
  CONSTRAINT `FKs8nddfelxayxvjfdnpc3qci7v` FOREIGN KEY (`id_khach_hang`) REFERENCES `khachhang` (`id_khach_hang`)
) ENGINE=InnoDB AUTO_INCREMENT=16 DEFAULT CHARSET=utf8mb4 COLLATE=utf8mb4_general_ci;
/*!40101 SET character_set_client = @saved_cs_client */;

--
-- Dumping data for table `taikhoan`
--

LOCK TABLES `taikhoan` WRITE;
/*!40000 ALTER TABLE `taikhoan` DISABLE KEYS */;
INSERT INTO `taikhoan` VALUES (1,'$2a$10$jRtP2Zgzm6uevQdGkSSbluVMNc1tBiSd6qjT2Dg99Ah/wGblwwdEe','eyJhbGciOiJIUzI1NiJ9.eyJzdWIiOiJsb2NrYmtiYW5nQGdtYWlsLmNvbSIsImlhdCI6MTcyOTczMzM0NiwianRpIjoiYjE0ZjljMmYtNzVjNC00MGMyLTkyZWUtZjg4MDlmOGUzYWQwIiwiZXhwIjoxNzI5NzM0MjQ2fQ.s4_BVz3ap8RbJ3HgEMsy5Sa3CL00qssWu2lgxBIejXo',0,'admin','2024-10-02','ACTIVE',NULL,1,1),(3,'$2a$10$jRtP2Zgzm6uevQdGkSSbluVMNc1tBiSd6qjT2Dg99Ah/wGblwwdEe',NULL,0,'user','2024-10-02','ACTIVE',3,NULL,2),(7,'$2a$10$Qx088L.6Za2fq18XxleJkOouNMnN.Q2eU9sT5EjDXGb3HGEz5f7ey',NULL,0,'xxxxxx','2024-11-17','ACTIVE',NULL,NULL,1),(8,'$2a$10$rVA/4S4Y.5avqMnL7yqfPOZ.AhjzQTFn6KS/MWlPZmQ2jXtnFiww.',NULL,0,'xxxxxx2','2024-11-18','ACTIVE',NULL,NULL,1),(9,'$2a$10$o8uGY03uFLcxHnntMy372.yDETg/K7aeHZOp9I.cd3jOoB9Pql7xS',NULL,0,'adminss','2024-11-19','ACTIVE',NULL,NULL,1),(10,'$2a$10$zFqZH3fo0mlv0OgYb7BjZuHIeYr6xW9ECQoVMxV1WUl5M/RGw/VWG',NULL,0,'adminssss','2024-11-19','ACTIVE',NULL,NULL,1),(11,'$2a$10$qPtKovJY/TAsbiJyKM4kb.5tZM/gmpN.ZGpNkjDTy8yx0Ig.hWdxK',NULL,0,'admixnssss','2024-11-19','ACTIVE',NULL,NULL,1),(12,'$2a$10$C2OMqZ1EzwF5EO2unthCF.XXGpB0qRfifkxvmOqVsc3vV69nTOyeu',NULL,0,'admixnssxss','2024-11-19','ACTIVE',1,NULL,1),(13,'$2a$10$Lv6lasA9EVBnPb/0jXpcBuyp4cpAM6UjIdLjG3xtIgzJ0LzIDaNNa',NULL,0,'user001','2024-11-19','ACTIVE',5,NULL,1),(14,'$2a$10$jGECZPaa1Ixdi.PVaAT1N.wY.pCILJsoH.J09qPT.Umrc5n3AN.aW',NULL,0,'asdasdasda','2024-11-19','ACTIVE',7,NULL,2),(15,'$2a$10$qBbxD/oFpeR8.Ji89dObeuPRPLwtzTR5uBAzmsDjOrPuVVmlj8WtG','eyJhbGciOiJIUzI1NiJ9.eyJzdWIiOiJkdXlsYW00NjgxMjNAZ21haWwuY29tIiwiaWF0IjoxNzMyMDEyOTE3LCJqdGkiOiI0NTlmMGNiNC0wY2Q5LTQxNDAtYjczOC02NWE2NTEzZTMxMmQiLCJleHAiOjE3MzIwMTI5MzJ9.3gOQSmI3pjQohSdFEMF8iP41l9mi8sMXk0VC5VUibyA',0,'qqqqqq','2024-11-19','ACTIVE',9,NULL,2);
/*!40000 ALTER TABLE `taikhoan` ENABLE KEYS */;
UNLOCK TABLES;

--
-- Table structure for table `thanhpho`
--

DROP TABLE IF EXISTS `thanhpho`;
/*!40101 SET @saved_cs_client     = @@character_set_client */;
/*!50503 SET character_set_client = utf8mb4 */;
CREATE TABLE `thanhpho` (
  `id_thanh_pho` int NOT NULL AUTO_INCREMENT,
  `ten_thanh_pho` varchar(255) CHARACTER SET utf8mb4 COLLATE utf8mb4_general_ci NOT NULL,
  `active_status` enum('ACTIVE','IN_ACTIVE') CHARACTER SET utf8mb4 COLLATE utf8mb4_general_ci DEFAULT NULL,
  `id_quoc_gia` int DEFAULT NULL,
  PRIMARY KEY (`id_thanh_pho`),
  KEY `FK164e3omw8m4ayd2fl4e3lreem` (`id_quoc_gia`),
  CONSTRAINT `FK164e3omw8m4ayd2fl4e3lreem` FOREIGN KEY (`id_quoc_gia`) REFERENCES `quocgia` (`id_quoc_gia`)
) ENGINE=InnoDB AUTO_INCREMENT=11 DEFAULT CHARSET=utf8mb4 COLLATE=utf8mb4_general_ci;
/*!40101 SET character_set_client = @saved_cs_client */;

--
-- Dumping data for table `thanhpho`
--

LOCK TABLES `thanhpho` WRITE;
/*!40000 ALTER TABLE `thanhpho` DISABLE KEYS */;
INSERT INTO `thanhpho` VALUES (1,'H Ch Minh','ACTIVE',1),(2,'H Ni','ACTIVE',1),(3,' Nng','ACTIVE',1),(4,'Khch Ha','ACTIVE',1),(5,'Bnh nh','ACTIVE',1),(6,'Gia Lai','ACTIVE',1),(7,'H Tnh','ACTIVE',1),(8,'Hi Phng','ACTIVE',1),(9,'in Bin','ACTIVE',1),(10,'Hu','ACTIVE',1);
/*!40000 ALTER TABLE `thanhpho` ENABLE KEYS */;
UNLOCK TABLES;

--
-- Table structure for table `tuyenbay`
--

DROP TABLE IF EXISTS `tuyenbay`;
/*!40101 SET @saved_cs_client     = @@character_set_client */;
/*!50503 SET character_set_client = utf8mb4 */;
CREATE TABLE `tuyenbay` (
  `id_tuyen_bay` int NOT NULL AUTO_INCREMENT,
  `khoang_cach` int DEFAULT NULL,
  `active_status` enum('ACTIVE','IN_ACTIVE') CHARACTER SET utf8mb4 COLLATE utf8mb4_general_ci DEFAULT NULL,
  `thoi_gian_chuyen_bay` int DEFAULT NULL,
  `san_bay_bat_dau` int DEFAULT NULL,
  `san_bay_ket_thuc` int DEFAULT NULL,
  PRIMARY KEY (`id_tuyen_bay`),
  KEY `FKbibxdxa5vgrsi5u3vxfjx5wcg` (`san_bay_bat_dau`),
  KEY `FKl8l74uivrcnummkv08ag3qhty` (`san_bay_ket_thuc`),
  CONSTRAINT `FKbibxdxa5vgrsi5u3vxfjx5wcg` FOREIGN KEY (`san_bay_bat_dau`) REFERENCES `sanbay` (`id_san_bay`),
  CONSTRAINT `FKl8l74uivrcnummkv08ag3qhty` FOREIGN KEY (`san_bay_ket_thuc`) REFERENCES `sanbay` (`id_san_bay`)
) ENGINE=InnoDB AUTO_INCREMENT=24 DEFAULT CHARSET=utf8mb4 COLLATE=utf8mb4_general_ci;
/*!40101 SET character_set_client = @saved_cs_client */;

--
-- Dumping data for table `tuyenbay`
--

LOCK TABLES `tuyenbay` WRITE;
/*!40000 ALTER TABLE `tuyenbay` DISABLE KEYS */;
INSERT INTO `tuyenbay` VALUES (1,1500,'ACTIVE',120,1,7),(2,320,'ACTIVE',45,10,9),(3,1500,'ACTIVE',120,4,9),(4,1500,'ACTIVE',120,4,6),(5,503,'ACTIVE',40,1,7),(6,320,'ACTIVE',30,4,2),(7,1500,'ACTIVE',120,1,2),(8,334,'ACTIVE',30,1,3),(9,500,'ACTIVE',45,1,4),(10,850,'ACTIVE',70,1,5),(11,720,'ACTIVE',60,1,6),(12,552,'ACTIVE',50,1,8),(13,511,'ACTIVE',50,1,9),(14,323,'ACTIVE',30,1,10),(15,1420,'ACTIVE',120,2,3),(17,277,'ACTIVE',30,2,5),(18,483,'ACTIVE',40,2,6),(19,654,'ACTIVE',50,2,7),(20,382,'ACTIVE',30,2,8),(21,685,'ACTIVE',50,2,9),(22,832,'ACTIVE',70,3,6),(23,300,'ACTIVE',25,1,2);
/*!40000 ALTER TABLE `tuyenbay` ENABLE KEYS */;
UNLOCK TABLES;

--
-- Table structure for table `ve`
--

DROP TABLE IF EXISTS `ve`;
/*!40101 SET @saved_cs_client     = @@character_set_client */;
/*!50503 SET character_set_client = utf8mb4 */;
CREATE TABLE `ve` (
  `id_ve` int NOT NULL AUTO_INCREMENT,
  `gia_ve` double NOT NULL,
  `ma_ve` varchar(255) CHARACTER SET utf8mb4 COLLATE utf8mb4_general_ci NOT NULL,
  `status` enum('BOOKED','CANCELED','CONFIRM','EMPTY','HOLD','PENDING','REFUNDED','USED') CHARACTER SET utf8mb4 COLLATE utf8mb4_general_ci DEFAULT NULL,
  `active_status` enum('ACTIVE','IN_ACTIVE') CHARACTER SET utf8mb4 COLLATE utf8mb4_general_ci DEFAULT NULL,
  `id_cho_ngoi` int NOT NULL,
  `id_chuyen_bay` int NOT NULL,
  `id_hang_ve` int DEFAULT NULL,
  `id_hanh_khach` int DEFAULT NULL,
  `id_loai_ve` int NOT NULL,
  PRIMARY KEY (`id_ve`),
  UNIQUE KEY `UKptfju40ys0vw2ie4seh8mbvoh` (`id_cho_ngoi`),
  KEY `FKngr06yyc57s6sg0jh1m5j4vw4` (`id_chuyen_bay`),
  KEY `FKb88lc26rppstal8ff77egf4yr` (`id_hang_ve`),
  KEY `FKopalq7tjwobgra12wj38l6cdl` (`id_hanh_khach`),
  KEY `FKk89ws72nt67vg5v9o0k1crciy` (`id_loai_ve`),
  CONSTRAINT `FKb88lc26rppstal8ff77egf4yr` FOREIGN KEY (`id_hang_ve`) REFERENCES `hangve` (`id_hang_ve`),
  CONSTRAINT `FKk89ws72nt67vg5v9o0k1crciy` FOREIGN KEY (`id_loai_ve`) REFERENCES `loaive` (`id_loai_ve`),
  CONSTRAINT `FKngr06yyc57s6sg0jh1m5j4vw4` FOREIGN KEY (`id_chuyen_bay`) REFERENCES `chuyenbay` (`id_chuyen_bay`),
  CONSTRAINT `FKopalq7tjwobgra12wj38l6cdl` FOREIGN KEY (`id_hanh_khach`) REFERENCES `hanhkhach` (`id_hanh_khach`),
  CONSTRAINT `FKqr1e341b06t9epq11la86m2mf` FOREIGN KEY (`id_cho_ngoi`) REFERENCES `chongoi` (`id_cho_ngoi`)
) ENGINE=InnoDB AUTO_INCREMENT=169 DEFAULT CHARSET=utf8mb4 COLLATE=utf8mb4_general_ci;
/*!40101 SET character_set_client = @saved_cs_client */;

--
-- Dumping data for table `ve`
--

LOCK TABLES `ve` WRITE;
/*!40000 ALTER TABLE `ve` DISABLE KEYS */;
INSERT INTO `ve` VALUES (21,1500000,'avlpgnlJ4Hzznqh','EMPTY','ACTIVE',2673,25,2,69,1),(22,1500000,'mfq2XPFrPI4LMag','EMPTY','ACTIVE',2674,25,2,NULL,1),(23,1500000,'WPH2AY8pZFNwRCX','EMPTY','ACTIVE',2675,25,2,NULL,1),(24,1500000,'wvfNhDoHmwAqbJZ','EMPTY','ACTIVE',2676,25,2,NULL,1),(25,1500000,'n4pmHsM31mhzfDt','EMPTY','ACTIVE',2677,25,2,NULL,1),(26,1500000,'eR4qtn5u7i41lbW','EMPTY','ACTIVE',2678,25,2,NULL,1),(27,1500000,'hjObhUDRQfq5lQc','EMPTY','ACTIVE',2679,25,2,NULL,1),(28,1500000,'eE4V80R1dva1AdV','EMPTY','ACTIVE',2680,25,2,NULL,1),(29,1500000,'Tgr5fwWeUL7NPh8','EMPTY','ACTIVE',2681,25,2,NULL,1),(30,1500000,'RaVZDB8yHJapDRQ','EMPTY','ACTIVE',2682,25,2,NULL,1),(31,1500000,'baxtOAVpSgr8uws','EMPTY','ACTIVE',2683,25,2,NULL,1),(32,1500000,'N5BTgpv04ATj4zb','EMPTY','ACTIVE',2684,25,2,NULL,1),(33,1500000,'rKwXhiKLYbCzCrY','EMPTY','ACTIVE',2685,25,2,NULL,1),(34,1500000,'3PjJBpRaO564rzA','EMPTY','ACTIVE',2686,25,2,NULL,1),(35,1500000,'k2okAPNWHjdq8xE','EMPTY','ACTIVE',2687,25,2,NULL,1),(36,1500000,'Aw3JCwub8fnnRhx','EMPTY','ACTIVE',2688,25,2,NULL,1),(37,1500000,'YjszAhpurSW5h5A','EMPTY','ACTIVE',2689,25,2,NULL,1),(38,1500000,'RYFRK8V0Mbn1YXq','EMPTY','ACTIVE',2690,25,2,NULL,1),(39,1500000,'ScXeXXx01tFQEih','EMPTY','ACTIVE',2691,25,2,NULL,1),(40,1500000,'EufS6zTEcE7kDeU','EMPTY','ACTIVE',2692,25,2,NULL,1),(41,1500000,'K23yZm0VM8SguIc','EMPTY','ACTIVE',2693,25,2,NULL,1),(42,1500000,'3GyxgOmW8xBuqL0','EMPTY','ACTIVE',2694,25,2,NULL,1),(43,1500000,'sCDHb036EeQzXWs','EMPTY','ACTIVE',2695,25,2,NULL,1),(44,1500000,'dPxP0d12vP52olB','EMPTY','ACTIVE',2696,25,2,NULL,1),(45,1500000,'Wshe10otrQQh1r3','EMPTY','ACTIVE',2697,25,2,NULL,1),(46,1500000,'ZWiqw18PT1VInv7','EMPTY','ACTIVE',2698,25,2,NULL,1),(47,1500000,'bYkxMnj7DZ2IE9q','EMPTY','ACTIVE',2699,25,2,NULL,1),(48,1500000,'cOyXaC2QrsdOs4Z','EMPTY','ACTIVE',2700,25,2,NULL,1),(49,1500000,'UX4ZUbOxRAMBdUO','EMPTY','ACTIVE',2701,25,2,NULL,1),(50,1500000,'I8flfsGTPV93f0r','EMPTY','ACTIVE',2702,25,2,NULL,1),(51,1500000,'8v4Pg2yasSW2T6u','EMPTY','ACTIVE',2703,25,2,NULL,1),(52,1500000,'6aVbKfBnFgWNChk','EMPTY','ACTIVE',2704,25,2,NULL,1),(53,1500000,'Tw7bVaEEHaudGIV','EMPTY','ACTIVE',2705,25,2,NULL,1),(54,1500000,'ThtFMtDHZrSW4bf','EMPTY','ACTIVE',2706,25,2,NULL,1),(55,1500000,'LcqDOAUnNIE4XLt','EMPTY','ACTIVE',2707,25,2,NULL,1),(56,1500000,'GWdSCVk3t6gzhNb','EMPTY','ACTIVE',2708,25,2,NULL,1),(57,1500000,'lodbwlped3Djrvu','EMPTY','ACTIVE',2709,25,2,NULL,1),(58,1500000,'cE6hyfDwvb6YIfH','EMPTY','ACTIVE',2710,25,2,NULL,1),(59,1500000,'FGMtELouwqERLEz','EMPTY','ACTIVE',2711,25,2,NULL,1),(60,1500000,'4FpImstfTEYwqGb','EMPTY','ACTIVE',2712,25,2,NULL,1),(61,1500000,'6XEMyc033wNuGQD','EMPTY','ACTIVE',2713,25,2,NULL,1),(62,1500000,'bD5cfMblty3Djqt','EMPTY','ACTIVE',2714,25,2,NULL,1),(63,1500000,'ku7kBY2Og33zd3A','EMPTY','ACTIVE',2715,25,2,NULL,1),(64,1500000,'VshiIDz8X8v4NXN','EMPTY','ACTIVE',2716,25,2,NULL,1),(65,1500000,'9Tj69IsLwTQYLr8','EMPTY','ACTIVE',2717,25,2,NULL,1),(66,1500000,'w6aPAQU0NhCnAIp','EMPTY','ACTIVE',2718,25,2,NULL,1),(67,1500000,'4kMPpjzapFYtdJW','EMPTY','ACTIVE',2719,25,2,NULL,1),(68,1500000,'VpSeiU6sxyq7u3P','EMPTY','ACTIVE',2720,25,2,NULL,1),(69,1500000,'f0px7cZqL1vO0iP','EMPTY','ACTIVE',2721,25,2,NULL,1),(70,1500000,'kLJNlZQCY1HAshj','EMPTY','ACTIVE',2722,25,2,NULL,1),(71,1500000,'Ocmqhr1LVM7NLQv','EMPTY','ACTIVE',2723,25,2,NULL,1),(72,1500000,'BzDz6NPmV1S1akm','EMPTY','ACTIVE',2724,25,2,NULL,1),(73,1500000,'UxApTk6AK1vO0kX','EMPTY','ACTIVE',2725,25,2,NULL,1),(74,1500000,'JmnUtqNChlXEMzi','EMPTY','ACTIVE',2726,25,2,NULL,1),(75,1500000,'SyJWUj0f9aMtCA4','EMPTY','ACTIVE',2727,25,2,NULL,1),(76,1500000,'h8OOcjh6GrM31mg','EMPTY','ACTIVE',2728,25,2,NULL,1),(77,1500000,'vNzd4I7W7qhooUr','EMPTY','ACTIVE',2729,25,2,NULL,1),(78,1500000,'cOwLlaVdRCWoLAa','EMPTY','ACTIVE',2730,25,2,NULL,1),(79,1500000,'HUTizd16Fkt1IFB','BOOKED','ACTIVE',2731,25,2,69,1),(80,1500000,'3XKvTRcdAj2ni40','EMPTY','ACTIVE',2732,25,2,NULL,1),(81,500000,'fBiuEGVWzAivLle','EMPTY','ACTIVE',2733,25,1,NULL,1),(82,500000,'moY9yGFIZm1dvZw','EMPTY','ACTIVE',2734,25,1,NULL,1),(83,500000,'n1YXscISGn2exeG','EMPTY','ACTIVE',2735,25,1,NULL,1),(84,500000,'Bw16LCpL8SkDfYY','EMPTY','ACTIVE',2736,25,1,NULL,1),(85,500000,'0Bl63ohxUQTxE7k','EMPTY','ACTIVE',2737,25,1,NULL,1),(86,500000,'Dhf7NPjH5NS3g7N','EMPTY','ACTIVE',2738,25,1,NULL,1),(87,500000,'PiDkyPzamyNnhvN','EMPTY','ACTIVE',2739,25,1,NULL,1),(88,500000,'wRDa9pX4YN58EcF','BOOKED','ACTIVE',2740,25,1,70,1),(89,500000,'C5i9Rcc5PbdF8mK','EMPTY','ACTIVE',2741,25,1,NULL,1),(90,500000,'7UtqOH3G04CaDB3','EMPTY','ACTIVE',2742,25,1,NULL,1),(91,500000,'ZWl3rzBnHpADM2x','EMPTY','ACTIVE',2743,25,1,NULL,1),(92,500000,'XcIVTi0jRsumzS7','EMPTY','ACTIVE',2744,25,1,NULL,1),(93,500000,'6yQ2lYJkcjesHZt','EMPTY','ACTIVE',2745,25,1,NULL,1),(94,500000,'bCy8cWY5diYQI4J','EMPTY','ACTIVE',2746,25,1,NULL,1),(95,500000,'BqUlCVnHtQHyuQG','EMPTY','ACTIVE',2747,25,1,NULL,1),(96,500000,'tViuC7qgjU3g6Fp','EMPTY','ACTIVE',2748,25,1,NULL,1),(97,500000,'CN9Rcc6RkI3Fvji','EMPTY','ACTIVE',2749,25,1,NULL,1),(98,500000,'ChkSv3NWIozLaih','EMPTY','ACTIVE',2750,25,1,NULL,1),(99,500000,'Bfd26Eig9W1OlRk','EMPTY','ACTIVE',2751,25,1,NULL,1),(100,500000,'En60VOH3H4KHHNu','EMPTY','ACTIVE',2752,25,1,NULL,1),(101,500000,'FMsA2VFa3KIKcyr','EMPTY','ACTIVE',2753,25,1,NULL,1),(102,500000,'CERKCoK243uFLos','EMPTY','ACTIVE',2754,25,1,NULL,1),(103,500000,'kzXZ5YMzgHAtm3m','EMPTY','ACTIVE',2755,25,1,NULL,1),(104,500000,'YHc4KHGIYjqrdPy','EMPTY','ACTIVE',2756,25,1,NULL,1),(105,500000,'UMCkyVOJDy4Gywa','EMPTY','ACTIVE',2757,25,1,NULL,1),(106,500000,'wnzQxOvGO1mfr7r','EMPTY','ACTIVE',2758,25,1,NULL,1),(107,500000,'nCViwP1kWDMxbvh','EMPTY','ACTIVE',2759,25,1,NULL,1),(108,500000,'Za3LOlU1S5u5XJm','EMPTY','ACTIVE',2760,25,1,NULL,1),(109,500000,'mQcfKVM5Fo71ZfR','EMPTY','ACTIVE',2761,25,1,NULL,1),(110,500000,'1dzq8xFC3ZTX7pc','EMPTY','ACTIVE',2762,25,1,NULL,1),(111,500000,'SFjkOXN5APNXM2w','EMPTY','ACTIVE',2763,25,1,NULL,1),(112,500000,'QAOI7aO54xPzXbD','EMPTY','ACTIVE',2764,25,1,NULL,1),(113,500000,'6kHysKpzKVMAX5c','EMPTY','ACTIVE',2765,25,1,NULL,1),(114,500000,'eIJXcKd27J3BY6g','EMPTY','ACTIVE',2766,25,1,NULL,1),(115,500000,'yeAj1jRsrY1JINq','EMPTY','ACTIVE',2767,25,1,NULL,1),(116,500000,'vwmv7eiT5pj0fBk','EMPTY','ACTIVE',2768,25,1,NULL,1),(117,500000,'3qtnAFYukofkZRM','EMPTY','ACTIVE',2769,25,1,NULL,1),(118,500000,'KNmYJhRvArggDqR','EMPTY','ACTIVE',2770,25,1,NULL,1),(119,500000,'W7qit7oX3VESQdk','EMPTY','ACTIVE',2771,25,1,NULL,1),(120,500000,'doxD2MYYtgZfQyR','EMPTY','ACTIVE',2772,25,1,NULL,1),(121,500000,'9Giclql52iKMdxg','EMPTY','ACTIVE',2773,25,1,NULL,1),(122,500000,'Pndd8ZHWeWVmFhb','EMPTY','ACTIVE',2774,25,1,NULL,1),(123,500000,'mv8i2uFNyZkt2MY','EMPTY','ACTIVE',2775,25,1,NULL,1),(124,500000,'UdXbITJ0wWbJYik','EMPTY','ACTIVE',2776,25,1,NULL,1),(125,500000,'QkJ9glbYn9CPI7V','EMPTY','ACTIVE',2777,25,1,NULL,1),(126,500000,'0MeylmOVBGb4MQu','EMPTY','ACTIVE',2778,25,1,NULL,1),(127,500000,'6dgNg8RdiXM2xWb','EMPTY','ACTIVE',2779,25,1,NULL,1),(128,500000,'FIZpImqk1hHApSd','EMPTY','ACTIVE',2780,25,1,NULL,1),(129,500000,'d8dbvgUDRNSyMgA','EMPTY','ACTIVE',2781,25,1,NULL,1),(130,500000,'dXeQ4t5bc6XB8xD','EMPTY','ACTIVE',2782,25,1,NULL,1),(131,500000,'5dkeq6pgmgwSJ12','BOOKED','ACTIVE',2783,25,1,68,1),(132,500000,'yapEVffBjyVTiwP','EMPTY','ACTIVE',2784,25,1,NULL,1),(133,500000,'52kV7u0Cl64rwzw','EMPTY','ACTIVE',2785,25,1,NULL,1),(134,500000,'ayxgMcp96sxzwZp','EMPTY','ACTIVE',2786,25,1,NULL,1),(135,500000,'Ip6ty3CgcsPFsST','BOOKED','ACTIVE',2787,25,1,66,1),(136,500000,'qdTHsM1qzIMkV5l','EMPTY','ACTIVE',2788,25,1,NULL,1),(137,500000,'Qh1r6kI4I6TsnBP','BOOKED','ACTIVE',2789,25,1,67,1),(138,500000,'JAlBQPbfNhBhkV5','EMPTY','ACTIVE',2790,25,1,NULL,1),(139,500000,'ocXcMmfnpdWWsgb','EMPTY','ACTIVE',2791,25,1,NULL,1),(140,500000,'qDQI28QXFVcOvKg','EMPTY','ACTIVE',2792,25,1,NULL,1),(141,80000,'c941aeda28','EMPTY','ACTIVE',2793,38,2,NULL,1),(142,80000,'479db3b582','EMPTY','ACTIVE',2794,38,2,NULL,1),(143,80000,'d2b4f75a86','EMPTY','ACTIVE',2795,38,2,NULL,1),(144,80000,'95ab6b6ffa','EMPTY','ACTIVE',2796,38,2,NULL,1),(145,80000,'1f4d9a0a16','EMPTY','ACTIVE',2797,38,2,NULL,1),(146,80000,'124be58262','EMPTY','ACTIVE',2798,38,2,NULL,1),(147,80000,'bc3d5a17e4','EMPTY','ACTIVE',2799,38,2,NULL,1),(148,80000,'3e149106a2','EMPTY','ACTIVE',2800,38,2,NULL,1),(149,80000,'cf7fe73418','EMPTY','ACTIVE',2801,38,2,NULL,1),(150,80000,'95945c5f5f','EMPTY','ACTIVE',2802,38,2,NULL,1),(151,80000,'2a92bc7683','EMPTY','ACTIVE',2803,38,2,NULL,1),(152,80000,'505fa2cda4','EMPTY','ACTIVE',2804,38,2,NULL,1),(153,80000,'3e6e6280bf','EMPTY','ACTIVE',2805,38,2,NULL,1),(154,80000,'e22a87b58f','EMPTY','ACTIVE',2806,38,2,NULL,1),(155,80000,'a6257154a4','EMPTY','ACTIVE',2807,38,2,NULL,1),(156,80000,'c3aacecd23','EMPTY','ACTIVE',2808,38,2,NULL,1),(157,80000,'f03501e9bc','EMPTY','ACTIVE',2809,38,2,NULL,1),(158,80000,'7cf88773fb','EMPTY','ACTIVE',2810,38,2,NULL,1),(159,80000,'83a32e49e1','EMPTY','ACTIVE',2811,38,2,NULL,1),(160,80000,'35101447a6','EMPTY','ACTIVE',2812,38,2,NULL,1),(161,80000,'650f6eb4b2','EMPTY','ACTIVE',2813,38,2,NULL,1),(162,80000,'50699ec3bc','EMPTY','ACTIVE',2814,38,2,NULL,1),(163,80000,'0cd2d193c0','EMPTY','ACTIVE',2815,38,2,NULL,1),(164,80000,'6aa34eb743','EMPTY','ACTIVE',2816,38,2,NULL,1),(165,40000,'5c5ba316d6','EMPTY','ACTIVE',2817,38,1,NULL,1),(166,40000,'e83d0196ed','EMPTY','ACTIVE',2818,38,1,NULL,1),(167,40000,'cbb78b931b','EMPTY','ACTIVE',2819,38,1,NULL,1),(168,40000,'16ccd3c1e4','EMPTY','ACTIVE',2820,38,1,NULL,1);
/*!40000 ALTER TABLE `ve` ENABLE KEYS */;
UNLOCK TABLES;
/*!50003 SET @saved_cs_client      = @@character_set_client */ ;
/*!50003 SET @saved_cs_results     = @@character_set_results */ ;
/*!50003 SET @saved_col_connection = @@collation_connection */ ;
/*!50003 SET character_set_client  = utf8mb4 */ ;
/*!50003 SET character_set_results = utf8mb4 */ ;
/*!50003 SET collation_connection  = utf8mb4_general_ci */ ;
/*!50003 SET @saved_sql_mode       = @@sql_mode */ ;
/*!50003 SET sql_mode              = 'ONLY_FULL_GROUP_BY,STRICT_TRANS_TABLES,NO_ZERO_IN_DATE,NO_ZERO_DATE,ERROR_FOR_DIVISION_BY_ZERO,NO_ENGINE_SUBSTITUTION' */ ;
DELIMITER ;;
/*!50003 CREATE*/ /*!50017 DEFINER=`root`@`localhost`*/ /*!50003 TRIGGER `generate_ma_ve` BEFORE INSERT ON `ve` FOR EACH ROW BEGIN
    DECLARE new_ma_ve VARCHAR(10);
    SET new_ma_ve = CONCAT(
        SUBSTRING(MD5(RAND()), 1, 5),
        SUBSTRING(MD5(RAND()), 1, 5)
    );
    
    -- Kim tra tnh duy nht ca m v
    WHILE EXISTS (SELECT 1 FROM ve WHERE ma_ve = new_ma_ve) DO
        SET new_ma_ve = CONCAT(
            SUBSTRING(MD5(RAND()), 1, 5),
            SUBSTRING(MD5(RAND()), 1, 5)
        );
    END WHILE;

    SET NEW.ma_ve = new_ma_ve;
END */;;
DELIMITER ;
/*!50003 SET sql_mode              = @saved_sql_mode */ ;
/*!50003 SET character_set_client  = @saved_cs_client */ ;
/*!50003 SET character_set_results = @saved_cs_results */ ;
/*!50003 SET collation_connection  = @saved_col_connection */ ;
/*!40103 SET TIME_ZONE=@OLD_TIME_ZONE */;

/*!40101 SET SQL_MODE=@OLD_SQL_MODE */;
/*!40014 SET FOREIGN_KEY_CHECKS=@OLD_FOREIGN_KEY_CHECKS */;
/*!40014 SET UNIQUE_CHECKS=@OLD_UNIQUE_CHECKS */;
/*!40101 SET CHARACTER_SET_CLIENT=@OLD_CHARACTER_SET_CLIENT */;
/*!40101 SET CHARACTER_SET_RESULTS=@OLD_CHARACTER_SET_RESULTS */;
/*!40101 SET COLLATION_CONNECTION=@OLD_COLLATION_CONNECTION */;
/*!40111 SET SQL_NOTES=@OLD_SQL_NOTES */;

ALTER TABLE `ve` DROP FOREIGN KEY `FKqr1e341b06t9epq11la86m2mf`;

ALTER TABLE `ve` DROP INDEX `UKptfju40ys0vw2ie4seh8mbvoh`;

ALTER TABLE `ve` ADD INDEX (`id_cho_ngoi`);

ALTER TABLE `ve`
ADD CONSTRAINT `FKqr1e341b06t9epq11la86m2mf`
FOREIGN KEY (`id_cho_ngoi`) REFERENCES `chongoi` (`id_cho_ngoi`);

-- Dump completed on 2024-11-28 17:49:02
